id,title,original_name,url,duration,count,liked_count,album_id,album_code,album_title,album_year,artists,languages
1,1ER - Uska Hi Banana.mp3,Uska Hi Banana,songs-file/1ER%20-%20Uska%20Hi%20Banana.mp3.mp3,328.3317006802721,0,0,1,1ER,1920: Evil Returns,2012,Arijit Singh,Hindi
2,1ALS - Ek Ladki Ko Dekha.mp3,Ek Ladki Ko Dekha,songs-file/1ALS%20-%20Ek%20Ladki%20Ko%20Dekha.mp3.mp3,275.3077,0,0,2,1ALS,1942: A Love Story,1994,Kumar Sanu,Hindi
3,2S - Locha-E-Ulfat.mp3,Locha-E-Ulfat,songs-file/2S%20-%20Locha-E-Ulfat.mp3.mp3,288.4622675736961,0,0,3,2S,2 States,2014,Benny Dayal,Hindi
4,3 - Why This Kolaveri Di.mp3,Why This Kolaveri Di,songs-file/3%20-%20Why%20This%20Kolaveri%20Di.mp3.mp3,259.372975,0,0,4,3,3,2012,"Dhanush, Anirudh Ravichander",Hindi
5,3I - Behti Hawa Sa Tha Woh.mp3,Behti Hawa Sa Tha Woh,songs-file/3I%20-%20Behti%20Hawa%20Sa%20Tha%20Woh.mp3.mp3,301.87102040816325,0,0,5,3I,3 Idiots,2009,"Shaan, Shantanu Moitra",Hindi
6,3I - Jaane Nahin Denge.mp3,Jaane Nahin Denge,songs-file/3I%20-%20Jaane%20Nahin%20Denge.mp3.mp3,212.4,0,0,5,3I,3 Idiots,2009,Sonu Nigam,Hindi
7,ABCD2 - Bezubaan Phir Se.mp3,Bezubaan Phir Se,songs-file/ABCD2%20-%20Bezubaan%20Phir%20Se.mp3.mp3,272.5126,0,0,6,ABCD2,ABCD 2,2015,"Anushka Manchanda, Madhav Krishna, Vishal Dadlani",Hindi
8,ABCD2 - Chunar.mp3,Chunar,songs-file/ABCD2%20-%20Chunar.mp3.mp3,269.064425,0,0,6,ABCD2,ABCD 2,2015,Arijit Singh,Hindi
9,ABCD2 - Sun Saathiya.mp3,Sun Saathiya,songs-file/ABCD2%20-%20Sun%20Saathiya.mp3.mp3,222.21055,0,0,6,ABCD2,ABCD 2,2015,"Divya Kumar, Priya Saraiya",Hindi
10,AABCD - Bezubaan.mp3,Bezubaan,songs-file/AABCD%20-%20Bezubaan.mp3.mp3,282.6533333333333,0,0,7,AABCD,ABCD: Any Body Can Dance,2012,"Mohit Chauhan, Priya Saraiya, Deane Sequeira, Tanvi Shah",Hindi
11,AN - O Re Piya.mp3,O Re Piya,songs-file/AN%20-%20O%20Re%20Piya.mp3.mp3,379.3773922902494,0,0,8,AN,Aaja Nachle,2007,Rahat Fateh Ali Khan,Hindi
12,AKRS - Saude Bazi.mp3,Saude Bazi,songs-file/AKRS%20-%20Saude%20Bazi.mp3.mp3,354.49904761904764,0,0,9,AKRS,Aakrosh,2010,"Anupam Amod, Javed Ali",Hindi
13,AAND - Tere Bina Zindagi Se.mp3,Tere Bina Zindagi Se,songs-file/AAND%20-%20Tere%20Bina%20Zindagi%20Se.mp3.mp3,221.20489795918368,0,0,10,AAND,Aandhi,1975,"Kishore Kumar, Lata Mangeshkar",Hindi
14,AABA - Mujhe Teri Mohabbat Ka Sahara.mp3,Mujhe Teri Mohabbat Ka Sahara,songs-file/AABA%20-%20Mujhe%20Teri%20Mohabbat%20Ka%20Sahara.mp3.mp3,381.16,0,0,11,AABA,Aap Aye Bahaar Ayee,1971,"Lata Mangeshkar, Mohammed Rafi",Hindi
15,ARKSN - Achha Lagta Hai.mp3,Achha Lagta Hai,songs-file/ARKSN%20-%20Achha%20Lagta%20Hai.mp3.mp3,236.09333333333333,0,0,12,ARKSN,Aarakshan,2011,"Mohit Chauhan, Shreya Ghoshal, Shankar-Ehsaan-Loy",Hindi
16,ARZO - Ab Tere Dil Mein To.mp3,Ab Tere Dil Mein To,songs-file/ARZO%20-%20Ab%20Tere%20Dil%20Mein%20To.mp3.mp3,501.25333333333333,0,0,13,ARZO,Aarzoo,1999,"Alka Yagnik, Kumar Sanu",Hindi
17,ASIQ - Dheere Dheere Se Meri Zindagi Mein Aana.mp3,Dheere Dheere Se Meri Zindagi Mein Aana,songs-file/ASIQ%20-%20Dheere%20Dheere%20Se%20Meri%20Zindagi%20Mein%20Aana.mp3.mp3,329.699375,0,0,14,ASIQ,Aashiqui,1990,Kumar Sanu,Hindi
18,ASIQ - Ek Sanam Chahiye Aashiqui Ke Liye.mp3,Ek Sanam Chahiye Aashiqui Ke Liye,songs-file/ASIQ%20-%20Ek%20Sanam%20Chahiye%20Aashiqui%20Ke%20Liye.mp3.mp3,372.77055,0,0,14,ASIQ,Aashiqui,1990,Kumar Sanu,Hindi
19,ASIQ - Nazar Ke Samne.mp3,Nazar Ke Samne,songs-file/ASIQ%20-%20Nazar%20Ke%20Samne.mp3.mp3,335.25551020408165,0,0,14,ASIQ,Aashiqui,1990,"Anuradha Paudwal, Kumar Sanu",Hindi
20,ASIQ - Tu Meri Zindagi Hai.mp3,Tu Meri Zindagi Hai,songs-file/ASIQ%20-%20Tu%20Meri%20Zindagi%20Hai.mp3.mp3,285.338725,0,0,14,ASIQ,Aashiqui,1990,"Anuradha Paudwal, Kumar Sanu",Hindi
21,A2 - Hum Mar Jayenge.mp3,Hum Mar Jayenge,songs-file/A2%20-%20Hum%20Mar%20Jayenge.mp3.mp3,306.5498412698413,0,0,15,A2,Aashiqui 2,2013,"Shreya Ghoshal, Arijit Singh, Tulsi Kumar",Hindi
22,A2 - Meri Aashiqui.mp3,Meri Aashiqui,songs-file/A2%20-%20Meri%20Aashiqui.mp3.mp3,266.169625,0,0,15,A2,Aashiqui 2,2013,"Arijit Singh, Palak Muchhal",Hindi
23,A2 - Milne Hai Mujhse Aayi.mp3,Milne Hai Mujhse Aayi,songs-file/A2%20-%20Milne%20Hai%20Mujhse%20Aayi.mp3.mp3,295.84544217687073,0,0,15,A2,Aashiqui 2,2013,Arijit Singh,Hindi
24,A2 - Piya Aaye Na.mp3,Piya Aaye Na,songs-file/A2%20-%20Piya%20Aaye%20Na.mp3.mp3,286.1627210884354,0,0,15,A2,Aashiqui 2,2013,"Tulsi Kumar, KK",Hindi
25,A2 - Sunn Raha Hai (Female).mp3,Sunn Raha Hai (Female),songs-file/A2%20-%20Sunn%20Raha%20Hai%20(Female).mp3.mp3,314.9322448979592,0,0,15,A2,Aashiqui 2,2013,Shreya Ghoshal,Hindi
26,A2 - Sunn Raha Hai.mp3,Sunn Raha Hai,songs-file/A2%20-%20Sunn%20Raha%20Hai.mp3.mp3,390.2577777777778,0,0,15,A2,Aashiqui 2,2013,Ankit Tiwari,Hindi
27,A2 - Tum Hi Ho.mp3,Tum Hi Ho,songs-file/A2%20-%20Tum%20Hi%20Ho.mp3.mp3,262.7998125,0,0,15,A2,Aashiqui 2,2013,Arijit Singh,Hindi
28,A2 - Aashiqui 2 (Mashup).mp3,Aashiqui 2 (Mashup),songs-file/A2%20-%20Aashiqui%202%20(Mashup).mp3.mp3,302.85786848072564,0,0,15,A2,Aashiqui 2,2013,"Arijit Singh, Shreya Ghoshal, Tulsi Kumar, Palak Muchhal, KK, Ankit Tiwari, Mustafa Zahid",Hindi
29,A2 - Bhula Dena.mp3,Bhula Dena,songs-file/A2%20-%20Bhula%20Dena.mp3.mp3,240.62839002267575,0,0,15,A2,Aashiqui 2,2013,Mustafa Zahid,Hindi
30,ABDL - Aap Jaisa Koi.mp3,Aap Jaisa Koi,songs-file/ABDL%20-%20Aap%20Jaisa%20Koi.mp3.mp3,247.6488125,0,0,16,ABDL,Abdullah,1980,Nazia Hassan,Hindi
31,ABDL - Maine Poochha Chand Se.mp3,Maine Poochha Chand Se,songs-file/ABDL%20-%20Maine%20Poochha%20Chand%20Se.mp3.mp3,310.1859375,0,0,16,ABDL,Abdullah,1980,Mohammed Rafi,Hindi
32,AR - Zor Ka Jhatka.mp3,Zor Ka Jhatka,songs-file/AR%20-%20Zor%20Ka%20Jhatka.mp3.mp3,250.42666666666668,0,0,17,AR,Action Replayy,2010,"Daler Mehndi, Richa Sharma",Hindi
33,ADHM - Bulleya.mp3,Bulleya,songs-file/ADHM%20-%20Bulleya.mp3.mp3,348.94367346938776,0,0,18,ADHM,Ae Dil Hai Mushkil,2016,Pritam Chakraborty,Hindi
34,ADHM - Channa Mereya.mp3,Channa Mereya,songs-file/ADHM%20-%20Channa%20Mereya.mp3.mp3,289.3322448979592,0,0,18,ADHM,Ae Dil Hai Mushkil,2016,Arijit Singh,Hindi
35,AV - Pungi.mp3,Pungi,songs-file/AV%20-%20Pungi.mp3.mp3,250.2878911564626,0,0,19,AV,Agent Vinod,2012,"Pritam Chakraborty, Jaaved Jaffrey, Mika Singh, Nakash Aziz",Hindi
36,AV - Raabta.mp3,Raabta,songs-file/AV%20-%20Raabta.mp3.mp3,290.1333333333333,0,0,19,AV,Agent Vinod,2012,Arijit Singh,Hindi
37,AGNP - Abhi Mujh Mein Kahin.mp3,Abhi Mujh Mein Kahin,songs-file/AGNP%20-%20Abhi%20Mujh%20Mein%20Kahin.mp3.mp3,364.1549375,0,0,20,AGNP,Agneepath,2012,Sonu Nigam,Hindi
38,ARLF - Dil Cheez Tujhe Dedi.mp3,Dil Cheez Tujhe Dedi,songs-file/ARLF%20-%20Dil%20Cheez%20Tujhe%20Dedi.mp3.mp3,271.04975,0,0,21,ARLF,Airlift,2016,"Arijit Singh, Ankit Tiwari",Hindi
39,ARLF - Soch Na Sake.mp3,Soch Na Sake,songs-file/ARLF%20-%20Soch%20Na%20Sake.mp3.mp3,281.0024,0,0,21,ARLF,Airlift,2016,Arijit Singh,Hindi
40,ATRZ - Aankhen Bandh Karke.mp3,Aankhen Bandh Karke,songs-file/ATRZ%20-%20Aankhen%20Bandh%20Karke.mp3.mp3,384.18285714285713,0,0,22,ATRZ,Aitraaz,2004,"Alka Yagnik, Udit Narayan",Hindi
41,AGL - Boom Boom (Lip Lock).mp3,Boom Boom (Lip Lock),songs-file/AGL%20-%20Boom%20Boom%20(Lip%20Lock).mp3.mp3,275.3828571428571,0,0,23,AGL,Ajab Gazabb Love,2012,"Sajid-Wajid, Mika Singh",Hindi
42,APKGK - Aa Jao Meri Tamanna.mp3,Aa Jao Meri Tamanna,songs-file/APKGK%20-%20Aa%20Jao%20Meri%20Tamanna.mp3.mp3,245.82666666666665,0,0,24,APKGK,Ajab Prem Ki Ghazab Kahani,2009,"Jojo, Javed Ali",Hindi
43,APKGK - Main Tera Dhadkan Teri.mp3,Main Tera Dhadkan Teri,songs-file/APKGK%20-%20Main%20Tera%20Dhadkan%20Teri.mp3.mp3,364.70689285714286,0,0,24,APKGK,Ajab Prem Ki Ghazab Kahani,2009,"Hard Kaur, Sunidhi Chauhan, KK",Hindi
44,APKGK - Prem Ki Naiyya.mp3,Prem Ki Naiyya,songs-file/APKGK%20-%20Prem%20Ki%20Naiyya.mp3.mp3,251.29795918367347,0,0,24,APKGK,Ajab Prem Ki Ghazab Kahani,2009,"Neeraj Shridhar, Suzanne D'Mello",Hindi
45,APKGK - Tera Hone Laga Hoon.mp3,Tera Hone Laga Hoon,songs-file/APKGK%20-%20Tera%20Hone%20Laga%20Hoon.mp3.mp3,300.0424489795918,0,0,24,APKGK,Ajab Prem Ki Ghazab Kahani,2009,"Joi Barua, Alisha Chinai, Atif Aslam",Hindi
46,APKGK - Tu Jaane Na.mp3,Tu Jaane Na,songs-file/APKGK%20-%20Tu%20Jaane%20Na.mp3.mp3,341.93333333333334,0,0,24,APKGK,Ajab Prem Ki Ghazab Kahani,2009,Atif Aslam,Hindi
47,AJNB - Ek Ajnabee Haseena Se (New).mp3,Ek Ajnabee Haseena Se (New),songs-file/AJNB%20-%20Ek%20Ajnabee%20Haseena%20Se%20(New).mp3.mp3,210.024,0,0,25,AJNB,Ajanabee,1974,Kishore Kumar,Hindi
48,AJNB - Ek Ajnabee Haseena Se.mp3,Ek Ajnabee Haseena Se,songs-file/AJNB%20-%20Ek%20Ajnabee%20Haseena%20Se.mp3.mp3,271.0726530612245,0,0,25,AJNB,Ajanabee,1974,Kishore Kumar,Hindi
49,AKSR - Soniye.mp3,Soniye,songs-file/AKSR%20-%20Soniye.mp3.mp3,296.72,0,0,26,AKSR,Aksar,2006,"Sunidhi Chauhan, KK",Hindi
50,AW - All Falls Down.mp3,All Falls Down,songs-file/AW%20-%20All%20Falls%20Down.mp3.mp3,220.1832,0,0,27,AW,Alan Walker,2012,Alan Walker,English
51,AW - Alone.mp3,Alone,songs-file/AW%20-%20Alone.mp3.mp3,160.5032,0,0,27,AW,Alan Walker,2012,Alan Walker,English
52,AW - Always.mp3,Always,songs-file/AW%20-%20Always.mp3.mp3,240.384,0,0,27,AW,Alan Walker,2012,Alan Walker,English
53,AW - Charli XCX (After the Afterparty).mp3,Charli XCX (After the Afterparty),songs-file/AW%20-%20Charli%20XCX%20(After%20the%20Afterparty).mp3.mp3,196.9432,0,0,27,AW,Alan Walker,2012,Alan Walker,English
54,AW - Darkside.mp3,Darkside,songs-file/AW%20-%20Darkside.mp3.mp3,239.7432,0,0,27,AW,Alan Walker,2012,Alan Walker,English
55,AW - Different World.mp3,Different World,songs-file/AW%20-%20Different%20World.mp3.mp3,222.216,0,0,27,AW,Alan Walker,2012,Alan Walker,English
56,AW - Fade [NCS Release].mp3,Fade [NCS Release],songs-file/AW%20-%20Fade%20%5BNCS%20Release%5D.mp3.mp3,260.0432,0,0,27,AW,Alan Walker,2012,Alan Walker,English
57,AW - Faded.mp3,Faded,songs-file/AW%20-%20Faded.mp3.mp3,212.5032,0,0,27,AW,Alan Walker,2012,Alan Walker,English
58,AW - Force [FDM].mp3,Force [FDM],songs-file/AW%20-%20Force%20%5BFDM%5D.mp3.mp3,240.042375,0,0,27,AW,Alan Walker,2012,Alan Walker,English
59,AW - Hide & Seek.mp3,Hide & Seek,songs-file/AW%20-%20Hide%20%26%20Seek.mp3.mp3,241.368,0,0,27,AW,Alan Walker,2012,Alan Walker,English
60,AW - Ignite.mp3,Ignite,songs-file/AW%20-%20Ignite.mp3.mp3,229.3832,0,0,27,AW,Alan Walker,2012,Alan Walker,English
61,AW - Journey.mp3,Journey,songs-file/AW%20-%20Journey.mp3.mp3,185.736,0,0,27,AW,Alan Walker,2012,Alan Walker,English
62,AW - On My Way.mp3,On My Way,songs-file/AW%20-%20On%20My%20Way.mp3.mp3,193.85469387755103,0,0,27,AW,Alan Walker,2012,"Alan Walker, Farruko, Sabrina Carpenter",English
63,AW - Sing Me to Sleep.mp3,Sing Me to Sleep,songs-file/AW%20-%20Sing%20Me%20to%20Sleep.mp3.mp3,191.5632,0,0,27,AW,Alan Walker,2012,Alan Walker,English
64,AW - Tired.mp3,Tired,songs-file/AW%20-%20Tired.mp3.mp3,216.1032,0,0,27,AW,Alan Walker,2012,Alan Walker,English
65,A-TBND - Haye Mera Dil.mp3,Haye Mera Dil,songs-file/A-TBND%20-%20Haye%20Mera%20Dil.mp3.mp3,207.90857142857143,0,0,28,A-TBND,Alfaaz - The Boy Next Door,2011,"Yo Yo Honey Singh, Amanjot singh Panwar",Hindi
66,AIW - Baaton Ko Teri.mp3,Baaton Ko Teri,songs-file/AIW%20-%20Baaton%20Ko%20Teri.mp3.mp3,280.166475,0,0,29,AIW,All Is Well,2015,Arijit Singh,Hindi
67,AIW - Chaar Shanivaar.mp3,Chaar Shanivaar,songs-file/AIW%20-%20Chaar%20Shanivaar.mp3.mp3,214.17795918367347,0,0,29,AIW,All Is Well,2015,"Vishal Dadlani, Armaan Malik, Badshah",Hindi
68,AIW - Mere Humsafar.mp3,Mere Humsafar,songs-file/AIW%20-%20Mere%20Humsafar.mp3.mp3,352.78514739229024,0,0,29,AIW,All Is Well,2015,"Mithoon, Tulsi Kumar",Hindi
69,AIW - Nachan Farrate.mp3,Nachan Farrate,songs-file/AIW%20-%20Nachan%20Farrate.mp3.mp3,274.994225,0,0,29,AIW,All Is Well,2015,"Kanika Kapoor, Meet Bros",Hindi
70,AA - Anjaana Anjaani.mp3,Anjaana Anjaani,songs-file/AA%20-%20Anjaana%20Anjaani.mp3.mp3,287.76489795918366,0,0,30,AA,Anjaana Anjaani,2010,"Vishal Dadlani, Shilpa Rao",Hindi
71,AA - Tujhe Bhula Diya.mp3,Tujhe Bhula Diya,songs-file/AA%20-%20Tujhe%20Bhula%20Diya.mp3.mp3,281.0311111111111,0,0,30,AA,Anjaana Anjaani,2010,"Mohit Chauhan, Shekhar Ravjiani, Shruti Pathak",Hindi
72,ANBL - Annabelle Sings A Song.mp3,Annabelle Sings A Song,songs-file/ANBL%20-%20Annabelle%20Sings%20A%20Song.mp3.mp3,215.184,0,0,31,ANBL,Annabelle,2014,WhatADizzyDance,English
73,ANBL - You Are My Sunshin.mp3,You Are My Sunshin,songs-file/ANBL%20-%20You%20Are%20My%20Sunshin.mp3.mp3,171.312,0,0,31,ANBL,Annabelle,2014,Charles McDonald,English
74,ANWR - Maula Mere Maula.mp3,Maula Mere Maula,songs-file/ANWR%20-%20Maula%20Mere%20Maula.mp3.mp3,364.40816326530614,0,0,32,ANWR,Anwar,2007,Roopkumar Rathod,Hindi
75,A - Barbie Girl.mp3,Barbie Girl,songs-file/A%20-%20Barbie%20Girl.mp3.mp3,201.9032,0,0,33,A,Aqua,1989,Aqua,English
76,ARDN - Mere Sapnon Ki Rani.mp3,Mere Sapnon Ki Rani,songs-file/ARDN%20-%20Mere%20Sapnon%20Ki%20Rani.mp3.mp3,300.64,0,0,34,ARDN,Aradhana,1969,Kishore Kumar,Hindi
77,ARYN - Aankhon Mein Tera Hi Chehra.mp3,Aankhon Mein Tera Hi Chehra,songs-file/ARYN%20-%20Aankhon%20Mein%20Tera%20Hi%20Chehra.mp3.mp3,271.20326530612243,0,0,35,ARYN,Aryans,1999,Aryans,Hindi
78,ARYN - Dekha Hai Teri Aankhon Ko.mp3,Dekha Hai Teri Aankhon Ko,songs-file/ARYN%20-%20Dekha%20Hai%20Teri%20Aankhon%20Ko.mp3.mp3,236.56489795918367,0,0,35,ARYN,Aryans,1999,Aryans,Hindi
79,AWRAN - Mahiya.mp3,Mahiya,songs-file/AWRAN%20-%20Mahiya.mp3.mp3,264.385306122449,0,0,36,AWRAN,Awarapan,2007,Suzanne D'Mello,Hindi
80,AWRAN - Tera Mera Rishta.mp3,Tera Mera Rishta,songs-file/AWRAN%20-%20Tera%20Mera%20Rishta.mp3.mp3,347.04,0,0,36,AWRAN,Awarapan,2007,Mustafa Zahid,Hindi
81,AWRAN - Toh Phir Aao.mp3,Toh Phir Aao,songs-file/AWRAN%20-%20Toh%20Phir%20Aao.mp3.mp3,348.28,0,0,36,AWRAN,Awarapan,2007,Mustafa Zahid,Hindi
82,AZR - Bol Do Na Zara.mp3,Bol Do Na Zara,songs-file/AZR%20-%20Bol%20Do%20Na%20Zara.mp3.mp3,293.619525,0,0,37,AZR,Azhar,2016,Armaan Malik,Hindi
83,AZR - Itni Si Baat Hain.mp3,Itni Si Baat Hain,songs-file/AZR%20-%20Itni%20Si%20Baat%20Hain.mp3.mp3,294.92565,0,0,37,AZR,Azhar,2016,"Arijit Singh, Antara Mitra",Hindi
84,B - Permission to Dance.mp3,Permission to Dance,songs-file/B%20-%20Permission%20to%20Dance.mp3.mp3,299.4416326530612,0,0,38,B,BTS,2013,BTS,English
85,BADSO - Socha Hai (2nd Version).mp3,Socha Hai (2nd Version),songs-file/BADSO%20-%20Socha%20Hai%20(2nd%20Version).mp3.mp3,253.41387755102042,0,0,39,BADSO,Baadshaho,2017,"Kishore Kumar, Asha Bhosle, Tanishk Bagchi",Hindi
86,BAGI - Sab Tera.mp3,Sab Tera,songs-file/BAGI%20-%20Sab%20Tera.mp3.mp3,228.1828,0,0,40,BAGI,Baaghi,2016,Armaan Malik,Hindi
87,BAH - Aahista Aahista.mp3,Aahista Aahista,songs-file/BAH%20-%20Aahista%20Aahista.mp3.mp3,352.1093333333333,0,0,41,BAH,Bachna Ae Haseeno,2008,"Shreya Ghoshal, Lucky Ali",Hindi
88,BAH - Bachna Ae Haseeno.mp3,Bachna Ae Haseeno,songs-file/BAH%20-%20Bachna%20Ae%20Haseeno.mp3.mp3,211.42133333333334,0,0,41,BAH,Bachna Ae Haseeno,2008,"Sumit Kumar, Vishal Dadlani, Kishore Kumar",Hindi
89,BAH - Khuda Jaane.mp3,Khuda Jaane,songs-file/BAH%20-%20Khuda%20Jaane.mp3.mp3,335.859525,0,0,41,BAH,Bachna Ae Haseeno,2008,"Shilpa Rao, KK",Hindi
90,BB - As Long As You Love Me.mp3,As Long As You Love Me,songs-file/BB%20-%20As%20Long%20As%20You%20Love%20Me.mp3.mp3,215.6832,0,0,42,BB,Backstreet Boys,1993,Backstreet Boys,English
91,BB - Show Me the Meaning of Being Lonely.mp3,Show Me the Meaning of Being Lonely,songs-file/BB%20-%20Show%20Me%20the%20Meaning%20of%20Being%20Lonely.mp3.mp3,241.0232,0,0,42,BB,Backstreet Boys,1993,Backstreet Boys,English
92,BDLR - Jeena Jeena.mp3,Jeena Jeena,songs-file/BDLR%20-%20Jeena%20Jeena.mp3.mp3,229.04485,0,0,43,BDLR,Badlapur,2015,Atif Aslam,Hindi
93,BC - Ayaashi.mp3,Ayaashi,songs-file/BC%20-%20Ayaashi.mp3.mp3,261.5640816326531,0,0,44,BC,Badmaash Company,2010,KK,Hindi
94,BC - Chaska.mp3,Chaska,songs-file/BC%20-%20Chaska.mp3.mp3,313.91346938775513,0,0,44,BC,Badmaash Company,2010,"Krishna Beuraa, Url",Hindi
95,BJIM - Deewani Mastani.mp3,Deewani Mastani,songs-file/BJIM%20-%20Deewani%20Mastani.mp3.mp3,340.33739229024945,0,0,45,BJIM,Bajirao Mastani,2015,"Altamash Faridi, Ganesh Chandanshive, Farhaan Sabri, Mujtaba Aziz Naza, Shadab Faridi, Shreya Ghoshal",Hindi
96,BJIM - Malhari.mp3,Malhari,songs-file/BJIM%20-%20Malhari.mp3.mp3,244.19585,0,0,45,BJIM,Bajirao Mastani,2015,Vishal Dadlani,Hindi
97,BJIM - Pinga.mp3,Pinga,songs-file/BJIM%20-%20Pinga.mp3.mp3,255.24244897959184,0,0,45,BJIM,Bajirao Mastani,2015,"Shreya Ghoshal, Vaishali Mhade",Hindi
98,BJRNB - Bhar Do Jholi Meri.mp3,Bhar Do Jholi Meri,songs-file/BJRNB%20-%20Bhar%20Do%20Jholi%20Meri.mp3.mp3,499.568925,0,0,46,BJRNB,Bajrangi Bhaijaan,2015,Adnan Sami,Hindi
99,BJRNB - Chicken.mp3,Chicken,songs-file/BJRNB%20-%20Chicken.mp3.mp3,343.4510884353742,0,0,46,BJRNB,Bajrangi Bhaijaan,2015,"Mohit Chauhan, Palak Muchhal",Hindi
100,BJRNB - Selfie Le Le Re.mp3,Selfie Le Le Re,songs-file/BJRNB%20-%20Selfie%20Le%20Le%20Re.mp3.mp3,297.71755102040817,0,0,46,BJRNB,Bajrangi Bhaijaan,2015,"Vishal Dadlani, Pritam Chakraborty, Nakash Aziz, Badshah",Hindi
101,BJRNB - Tu Chahiye.mp3,Tu Chahiye,songs-file/BJRNB%20-%20Tu%20Chahiye.mp3.mp3,272.8489795918367,0,0,46,BJRNB,Bajrangi Bhaijaan,2015,Atif Aslam,Hindi
102,BJRNB - Tu Jo Mila.mp3,Tu Jo Mila,songs-file/BJRNB%20-%20Tu%20Jo%20Mila.mp3.mp3,242.86408163265307,0,0,46,BJRNB,Bajrangi Bhaijaan,2015,KK,Hindi
103,BJRNB - Zindagi Kuch Toh Bata.mp3,Zindagi Kuch Toh Bata,songs-file/BJRNB%20-%20Zindagi%20Kuch%20Toh%20Bata.mp3.mp3,263.291375,0,0,46,BJRNB,Bajrangi Bhaijaan,2015,Jubin Nautiyal,Hindi
104,BNBN - Tu Meri.mp3,Tu Meri,songs-file/BNBN%20-%20Tu%20Meri.mp3.mp3,257.11455782312925,0,0,47,BNBN,Bang Bang!,2014,Vishal Dadlani,Hindi
105,BRFI - Main Kya Karoon.mp3,Main Kya Karoon,songs-file/BRFI%20-%20Main%20Kya%20Karoon.mp3.mp3,268.9044897959184,0,0,48,BRFI,Barfi!,2012,Nikhil Paul George,Hindi
106,BEP - Tere Bin.mp3,Tere Bin,songs-file/BEP%20-%20Tere%20Bin.mp3.mp3,275.9866666666667,0,0,49,BEP,Bas Ek Pal,2006,Atif Aslam,Hindi
107,BOSK - Dheere Dheere.mp3,Dheere Dheere,songs-file/BOSK%20-%20Dheere%20Dheere.mp3.mp3,212.43936507936507,0,0,50,BOSK,Best Of Sonam Kapoor,2017,Yo Yo Honey Singh,Hindi
108,BTAB - Badal Yoon Garajta Hai.mp3,Badal Yoon Garajta Hai,songs-file/BTAB%20-%20Badal%20Yoon%20Garajta%20Hai.mp3.mp3,339.3385625,0,0,51,BTAB,Betaab,1983,"Shabbir Kumar, Lata Mangeshkar",Hindi
109,BJ - Aankhon Aankhon.mp3,Aankhon Aankhon,songs-file/BJ%20-%20Aankhon%20Aankhon.mp3.mp3,244.901175,0,0,52,BJ,Bhaag Johnny,2015,Yo Yo Honey Singh,Hindi
110,BHGMB - Bhagam Bhag.mp3,Bhagam Bhag,songs-file/BHGMB%20-%20Bhagam%20Bhag.mp3.mp3,279.2830625,0,0,53,BHGMB,Bhagam Bhag,2006,Neeraj Shridhar,Hindi
111,BHGMB - Tere Bin.mp3,Tere Bin,songs-file/BHGMB%20-%20Tere%20Bin.mp3.mp3,340.56,0,0,53,BHGMB,Bhagam Bhag,2006,"Sunidhi Chauhan, Kunal Ganjawala",Hindi
112,BBRMKTNM - Bheegi Bheegi Raton Mein.mp3,Bheegi Bheegi Raton Mein,songs-file/BBRMKTNM%20-%20Bheegi%20Bheegi%20Raton%20Mein.mp3.mp3,364.580875,0,0,54,BBRMKTNM,Bheegi Bheegi Raton Mein... Kabhi To Nazar Milao,1997,Adnan Sami,Hindi
113,BHBH - Labon Ko.mp3,Labon Ko,songs-file/BHBH%20-%20Labon%20Ko.mp3.mp3,343.616,0,0,55,BHBH,Bhool Bhulaiyaa,2007,KK,Hindi
114,BHBH - Lets Rock Soniye.mp3,Lets Rock Soniye,songs-file/BHBH%20-%20Lets%20Rock%20Soniye.mp3.mp3,266.5091875,0,0,55,BHBH,Bhool Bhulaiyaa,2007,"Tulsi Kumar, Shaan",Hindi
115,BHOT - Samay Ka Pahiya.mp3,Samay Ka Pahiya,songs-file/BHOT%20-%20Samay%20Ka%20Pahiya.mp3.mp3,439.96225,0,0,56,BHOT,Bhoothnath,2008,"Sukhwinder Singh, Hariharan",Hindi
116,BHOTR - Party To Banti Hai.mp3,Party To Banti Hai,songs-file/BHOTR%20-%20Party%20To%20Banti%20Hai.mp3.mp3,259.6909297052154,0,0,57,BHOTR,Bhoothnath Returns,2014,"Meet Bros, Mika Singh",Hindi
117,BILU - Jaaun Kahan.mp3,Jaaun Kahan,songs-file/BILU%20-%20Jaaun%20Kahan.mp3.mp3,333.848,0,0,58,BILU,Billu,2009,Rahat Fateh Ali Khan,Hindi
118,BILU - Khudaya Khair.mp3,Khudaya Khair,songs-file/BILU%20-%20Khudaya%20Khair.mp3.mp3,282.648,0,0,58,BILU,Billu,2009,"Akriti Kakar, Monali Thakur, Soham Chakraborty",Hindi
119,BILU - Love Mera Hit Hit.mp3,Love Mera Hit Hit,songs-file/BILU%20-%20Love%20Mera%20Hit%20Hit.mp3.mp3,288.18605,0,0,58,BILU,Billu,2009,"Tulsi Kumar, Neeraj Shridhar",Hindi
120,BILU - You Get Me Rocking & Reeling.mp3,You Get Me Rocking & Reeling,songs-file/BILU%20-%20You%20Get%20Me%20Rocking%20%26%20Reeling.mp3.mp3,288.12,0,0,58,BILU,Billu,2009,Neeraj Shridhar,Hindi
121,BLKM - Pal Pal Dil Ke Paas.mp3,Pal Pal Dil Ke Paas,songs-file/BLKM%20-%20Pal%20Pal%20Dil%20Ke%20Paas.mp3.mp3,329.146075,0,0,59,BLKM,Blackmail,1973,Kishore Kumar,Hindi
122,BM - Chaahat.mp3,Chaahat,songs-file/BM%20-%20Chaahat.mp3.mp3,262.5733333333333,0,0,60,BM,Blood Money,2012,"Rahat Fateh Ali Khan, Jeet Ganguly",Hindi
123,BM - Jo Tere Sang.mp3,Jo Tere Sang,songs-file/BM%20-%20Jo%20Tere%20Sang.mp3.mp3,306.17333333333335,0,0,60,BM,Blood Money,2012,"Jeet Ganguly, Mustafa Zahid",Hindi
124,BLUE - Fiqrana.mp3,Fiqrana,songs-file/BLUE%20-%20Fiqrana.mp3.mp3,325.149325,0,0,61,BLUE,Blue,2009,"Shreya Ghoshal, Vijay Prakash",Hindi
125,BDYG - I Love You.mp3,I Love You,songs-file/BDYG%20-%20I%20Love%20You.mp3.mp3,258.81333333333333,0,0,62,BDYG,Bodyguard,2011,"Ash King, Clinton Cerejo",Hindi
126,BDYG - Teri Meri.mp3,Teri Meri,songs-file/BDYG%20-%20Teri%20Meri.mp3.mp3,327.32,0,0,62,BDYG,Bodyguard,2011,"Shreya Ghoshal, Rahat Fateh Ali Khan",Hindi
127,BHMA - Jaguar.mp3,Jaguar,songs-file/BHMA%20-%20Jaguar.mp3.mp3,167.10530612244898,0,0,63,BHMA,Bohemia,2015,"Muzical Doctorz Sukhe, Bohemia",Hindi
128,BOL - Hona Tha Pyaar.mp3,Hona Tha Pyaar,songs-file/BOL%20-%20Hona%20Tha%20Pyaar.mp3.mp3,222.15325,0,0,64,BOL,Bol,2011,"Hadiqa Kiani, Atif Aslam",Hindi
129,BHS - Main Rahoon Ya Na Rahoon.mp3,Main Rahoon Ya Na Rahoon,songs-file/BHS%20-%20Main%20Rahoon%20Ya%20Na%20Rahoon.mp3.mp3,309.5281,0,0,65,BHS,Bollywood Heartbreak Songs,2019,Armaan Malik,Hindi
130,BRDR - Sandese Aate Hai.mp3,Sandese Aate Hai,songs-file/BRDR%20-%20Sandese%20Aate%20Hai.mp3.mp3,621.744,0,0,66,BRDR,Border,1999,"Roopkumar Rathod, Sonu Nigam",Hindi
131,BOSS - Har Kisi Ko.mp3,Har Kisi Ko,songs-file/BOSS%20-%20Har%20Kisi%20Ko.mp3.mp3,304.065306122449,0,0,67,BOSS,Boss,2013,"Arijit Singh, Neeti Mohan",Hindi
132,BKB - Adhoore.mp3,Adhoore,songs-file/BKB%20-%20Adhoore.mp3.mp3,263.348375,0,0,68,BKB,Break Ke Baad,2010,"Vishal Dadlani, Alyssa Mendonsa",Hindi
133,BRTHR - Sapna Jahan.mp3,Sapna Jahan,songs-file/BRTHR%20-%20Sapna%20Jahan.mp3.mp3,341.841575,0,0,69,BRTHR,Brothers,2015,"Sonu Nigam, Neeti Mohan, Ajay-Atul",Hindi
134,BMG - Raat Kali Ek Khawab Mein Aayi.mp3,Raat Kali Ek Khawab Mein Aayi,songs-file/BMG%20-%20Raat%20Kali%20Ek%20Khawab%20Mein%20Aayi.mp3.mp3,254.9108125,0,0,70,BMG,Buddha Mil Gaya,1971,Kishore Kumar,Hindi
135,BR - Saamne Hai Savera.mp3,Saamne Hai Savera,songs-file/BR%20-%20Saamne%20Hai%20Savera.mp3.mp3,276.3211111111111,0,0,71,BR,Bullett Raja,2013,"Shreya Ghoshal, Bonnie Chakraborty, Wajid Ali",Hindi
136,BR - Tamanche Pe Disco.mp3,Tamanche Pe Disco,songs-file/BR%20-%20Tamanche%20Pe%20Disco.mp3.mp3,208.74891156462584,0,0,71,BR,Bullett Raja,2013,"Nindy Kaur, Raftaar",Hindi
137,CRVAN - Piya Tu Ab To Aaja.mp3,Piya Tu Ab To Aaja,songs-file/CRVAN%20-%20Piya%20Tu%20Ab%20To%20Aaja.mp3.mp3,326.568,0,0,72,CRVAN,Caravan,1971,Asha Bhosle,Hindi
138,CC - Hawa Hawa.mp3,Hawa Hawa,songs-file/CC%20-%20Hawa%20Hawa.mp3.mp3,205.40081632653062,0,0,73,CC,Chaalis Chauraasi,2012,"Hasan Jahangir, Neeraj Shridhar",Hindi
139,CDKC - Kangna Tera Ni.mp3,Kangna Tera Ni,songs-file/CDKC%20-%20Kangna%20Tera%20Ni.mp3.mp3,214.36081632653062,0,0,74,CDKC,Chaar Din Ki Chandni,2012,"Dr Zeus, Lumber",Hindi
140,CWJH - Chal Wahan Jaate Hain.mp3,Chal Wahan Jaate Hain,songs-file/CWJH%20-%20Chal%20Wahan%20Jaate%20Hain.mp3.mp3,326.194225,0,0,75,CWJH,Chal Wahan Jaate Hain,2015,Arijit Singh,Hindi
141,CLTC - Chalte Chalte.mp3,Chalte Chalte,songs-file/CLTC%20-%20Chalte%20Chalte.mp3.mp3,314.174693877551,0,0,76,CLTC,Chalte Chalte,1976,Kishore Kumar,Hindi
142,CLTC - Suno Na Suno Na.mp3,Suno Na Suno Na,songs-file/CLTC%20-%20Suno%20Na%20Suno%20Na.mp3.mp3,256.20897959183674,0,0,76,CLTC,Chalte Chalte,1976,Abhijeet Bhattacharya,Hindi
143,CCtC - Tere Naina.mp3,Tere Naina,songs-file/CCtC%20-%20Tere%20Naina.mp3.mp3,258.464,0,0,77,CCtC,Chandni Chowk to China,2009,Shankar Mahadevan,Hindi
144,CE - Tera Rastaa Chhodoon.mp3,Tera Rastaa Chhodoon,songs-file/CE%20-%20Tera%20Rastaa%20Chhodoon.mp3.mp3,253.63156462585033,0,0,78,CE,Chennai Express,2013,"Anusha Mani, Amitabh Bhattacharya",Hindi
145,CE - Titli.mp3,Titli,songs-file/CE%20-%20Titli.mp3.mp3,350.6677551020408,0,0,78,CE,Chennai Express,2013,"Chinmayi, Gopi Sundar",Hindi
146,CIL - Muskurane.mp3,Muskurane,songs-file/CIL%20-%20Muskurane.mp3.mp3,334.33115646258506,0,0,79,CIL,CityLights,2014,Arijit Singh,Hindi
147,CD - Coffin Dance.mp3,Coffin Dance,songs-file/CD%20-%20Coffin%20Dance.mp3.mp3,155.184,0,0,80,CD,Coffin Dance,2017,Tony Igy,Instrumental
148,CLDP - Hymn for the Weekend.mp3,Hymn for the Weekend,songs-file/CLDP%20-%20Hymn%20for%20the%20Weekend.mp3.mp3,260.688,0,0,81,CLDP,Coldplay,2015,Coldplay,English
149,C3 - Naam-E-Wafa.mp3,Naam-E-Wafa,songs-file/C3%20-%20Naam-E-Wafa.mp3.mp3,314.29961451247163,0,0,82,C3,Creature 3D,2014,"Tulsi Kumar, Farhan Saeed",Hindi
150,C - Mere Bina.mp3,Mere Bina,songs-file/C%20-%20Mere%20Bina.mp3.mp3,289.56,0,0,83,C,Crook,2010,"Pritam Chakraborty, Nikhil D'Souza",Hindi
151,C - Tujhko Jo Paaya.mp3,Tujhko Jo Paaya,songs-file/C%20-%20Tujhko%20Jo%20Paaya.mp3.mp3,184.82666666666665,0,0,83,C,Crook,2010,Mohit Chauhan,Hindi
152,DSPCTO - DESPASITO (Justin Cover).mp3,DESPASITO (Justin Cover),songs-file/DSPCTO%20-%20DESPASITO%20(Justin%20Cover).mp3.mp3,230.4832,0,0,84,DSPCTO,DESPACITO,2018,Justin Bieber,"Spanish, English"
153,DSPCTO - Despacito (Justin Cover 2).mp3,Despacito (Justin Cover 2),songs-file/DSPCTO%20-%20Despacito%20(Justin%20Cover%202).mp3.mp3,200.127275,0,0,84,DSPCTO,DESPACITO,2018,Justin Bieber,"Spanish, English"
154,DSPCTO - Despacito ft. Daddy Yankee.mp3,Despacito ft. Daddy Yankee,songs-file/DSPCTO%20-%20Despacito%20ft.%20Daddy%20Yankee.mp3.mp3,281.5232,0,0,84,DSPCTO,DESPACITO,2018,Daddy Yankee,Spanish
155,DBNG2 - Dagabaaz Re.mp3,Dagabaaz Re,songs-file/DBNG2%20-%20Dagabaaz%20Re.mp3.mp3,287.2772789115646,0,0,85,DBNG2,Dabangg 2,2012,"Shadab Faridi, Rahat Fateh Ali Khan, Shreya Ghoshal",Hindi
156,DY - Dura.mp3,Dura,songs-file/DY%20-%20Dura.mp3.mp3,217.6632,0,0,86,DY,Daddy Yankee,1994,Daddy Yankee,Spanish
157,DHEK - Sawan Barse Tarse Dil.mp3,Sawan Barse Tarse Dil,songs-file/DHEK%20-%20Sawan%20Barse%20Tarse%20Dil.mp3.mp3,351.096,0,0,87,DHEK,Dahek,1999,"Sadhana Sargam, Hariharan",Hindi
158,DI - Tu Hi Rab Tu Hi Dua.mp3,Tu Hi Rab Tu Hi Dua,songs-file/DI%20-%20Tu%20Hi%20Rab%20Tu%20Hi%20Dua.mp3.mp3,423.60163265306124,0,0,88,DI,Dangerous Ishhq,2012,"Rahat Fateh Ali Khan, Tulsi Kumar",Hindi
159,DRAR - Thoda.mp3,Thoda,songs-file/DRAR%20-%20Thoda.mp3.mp3,202.7965625,0,0,89,DRAR,Daraar,1994,Stefan Ahola,Hindi
160,DARR - Jaadu Teri Nazar.mp3,Jaadu Teri Nazar,songs-file/DARR%20-%20Jaadu%20Teri%20Nazar.mp3.mp3,281.03325,0,0,90,DARR,Darr,1993,"Vinod Rathod, Lata Mangeshkar, Udit Narayan",Hindi
161,DG - Hey Mama.mp3,Hey Mama,songs-file/DG%20-%20Hey%20Mama.mp3.mp3,199.9673469387755,0,0,91,DG,David Guetta,1980,"David Guetta, Nicki Minaj",English
162,DDD - Rishte Naate.mp3,Rishte Naate,songs-file/DDD%20-%20Rishte%20Naate.mp3.mp3,282.1333333333333,0,0,92,DDD,De Dana Dan,2009,"Rahat Fateh Ali Khan, Suzanne D'Mello",Hindi
163,DB - Switty Tera Pyaar Chaida.mp3,Switty Tera Pyaar Chaida,songs-file/DB%20-%20Switty%20Tera%20Pyaar%20Chaida.mp3.mp3,173.48024943310656,0,0,93,DB,Delhi Belly,2011,Ram Sampath,Hindi
164,D6 - Genda Phool.mp3,Genda Phool,songs-file/D6%20-%20Genda%20Phool.mp3.mp3,170.3263125,0,0,94,D6,Delhi-6,2009,"Shraddha Pandit, Sujata Majumdar, Rekha Bharadwaj",Hindi
165,D6 - Masakali.mp3,Masakali,songs-file/D6%20-%20Masakali.mp3.mp3,290.8212244897959,0,0,94,D6,Delhi-6,2009,Mohit Chauhan,Hindi
166,DH - Tere Bin.mp3,Tere Bin,songs-file/DH%20-%20Tere%20Bin.mp3.mp3,321.944,0,0,95,DH,Delhii Heights,2007,Rabbi Shergill,Hindi
167,DK - Daftar Ki Girl.mp3,Daftar Ki Girl,songs-file/DK%20-%20Daftar%20Ki%20Girl.mp3.mp3,200.03990929705216,0,0,96,DK,Desi Kalakaar,2014,Yo Yo Honey Singh,Hindi
168,DVDS - Dola Re Dola.mp3,Dola Re Dola,songs-file/DVDS%20-%20Dola%20Re%20Dola.mp3.mp3,395.8666666666667,0,0,97,DVDS,Devdas,2002,"Shreya Ghoshal, Kavita Krishnamurthy, KK",Hindi
169,DHDKN - Tum Dil Ki Dhadkan Mein.mp3,Tum Dil Ki Dhadkan Mein,songs-file/DHDKN%20-%20Tum%20Dil%20Ki%20Dhadkan%20Mein.mp3.mp3,350.963125,0,0,98,DHDKN,Dhadkan,2000,"Alka Yagnik, Abhijeet Bhattacharya",Hindi
170,DHOL - Bheega Aasman.mp3,Bheega Aasman,songs-file/DHOL%20-%20Bheega%20Aasman.mp3.mp3,332.288,0,0,99,DHOL,Dhol,2007,"Vijay Yesudas, Shaan",Hindi
171,D2 - Dhoom Again.mp3,Dhoom Again,songs-file/D2%20-%20Dhoom%20Again.mp3.mp3,302.6626875,0,0,100,D2,Dhoom 2,2006,Vishal Dadlani,Hindi
172,D2 - Dilbara.mp3,Dilbara,songs-file/D2%20-%20Dilbara.mp3.mp3,271.85632653061225,0,0,100,D2,Dhoom 2,2006,"Abhijeet Bhattacharya, Sowmya Raoh, Pritam Chakraborty",Hindi
173,D2 - My Name Is Ali.mp3,My Name Is Ali,songs-file/D2%20-%20My%20Name%20Is%20Ali.mp3.mp3,275.4169375,0,0,100,D2,Dhoom 2,2006,"Sonu Nigam, Bipasha Basu",Hindi
174,D2 - Touch Me.mp3,Touch Me,songs-file/D2%20-%20Touch%20Me.mp3.mp3,318.93333333333334,0,0,100,D2,Dhoom 2,2006,"KK, Alisha Chinai",Hindi
175,D3 - Bande Hain Hum Uske.mp3,Bande Hain Hum Uske,songs-file/D3%20-%20Bande%20Hain%20Hum%20Uske.mp3.mp3,184.6334693877551,0,0,101,D3,Dhoom 3,2013,"Shivam Mahadevan, Anish Sharma",Hindi
176,D3 - Kamli.mp3,Kamli,songs-file/D3%20-%20Kamli.mp3.mp3,234.414125,0,0,101,D3,Dhoom 3,2013,Sunidhi Chauhan,Hindi
177,DM - DESPACITO.mp3,DESPACITO,songs-file/DM%20-%20DESPACITO.mp3.mp3,197.43665,0,0,102,DM,Dhruvan Moorthy,2018,"Dhruvan Moorthy, SeeMo",Hindi
178,DAAPP - Ajeeb Dastan Hai Yeh.mp3,Ajeeb Dastan Hai Yeh,songs-file/DAAPP%20-%20Ajeeb%20Dastan%20Hai%20Yeh.mp3.mp3,315.61333333333334,0,0,103,DAAPP,Dil Apna Aur Preet Parai,1960,Lata Mangeshkar,Hindi
179,DLG - Dil Le Gayee.mp3,Dil Le Gayee,songs-file/DLG%20-%20Dil%20Le%20Gayee.mp3.mp3,292.33922902494334,0,0,104,DLG,Dil Le Gayee,2008,"Jasbir Jassi, Jassi Gurjar",Hindi
180,DTPH - Are Re Are.mp3,Are Re Are,songs-file/DTPH%20-%20Are%20Re%20Are.mp3.mp3,335.080625,0,0,105,DTPH,Dil To Pagal Hai,1997,"Lata Mangeshkar, Udit Narayan",Hindi
181,DTPH - Chand Ne Kuchh Kaha.mp3,Chand Ne Kuchh Kaha,songs-file/DTPH%20-%20Chand%20Ne%20Kuchh%20Kaha.mp3.mp3,406.8688125,0,0,105,DTPH,Dil To Pagal Hai,1997,Lata Mangeshkar,Hindi
182,DTBHJ - Abhi Kuch Dino Se.mp3,Abhi Kuch Dino Se,songs-file/DTBHJ%20-%20Abhi%20Kuch%20Dino%20Se.mp3.mp3,283.1675736961451,0,0,106,DTBHJ,Dil Toh Baccha Hai Ji,2011,Mohit Chauhan,Hindi
183,DZG - Birthday Bash.mp3,Birthday Bash,songs-file/DZG%20-%20Birthday%20Bash.mp3.mp3,252.110975,0,0,107,DZG,Dilliwali Zaalim Girlfriend,2015,"Yo Yo Honey Singh, Amanjot singh Panwar",Hindi
184,DLWLE - Daayre.mp3,Daayre,songs-file/DLWLE%20-%20Daayre.mp3.mp3,290.6938,0,0,108,DLWLE,Dilwale,2015,Arijit Singh,Hindi
185,DLWLE - Gerua.mp3,Gerua,songs-file/DLWLE%20-%20Gerua.mp3.mp3,345.55886621315193,0,0,108,DLWLE,Dilwale,2015,"Arijit Singh, Antara Mitra, Pritam Chakraborty",Hindi
186,DLWLE - Manma Emotion Jaage.mp3,Manma Emotion Jaage,songs-file/DLWLE%20-%20Manma%20Emotion%20Jaage.mp3.mp3,209.411768707483,0,0,108,DLWLE,Dilwale,2015,"Anushka Manchanda, Antara Mitra, Pritam Chakraborty",Hindi
187,DLWLE - Premika.mp3,Premika,songs-file/DLWLE%20-%20Premika.mp3.mp3,225.35836734693876,0,0,108,DLWLE,Dilwale,2015,"Kanika Kapoor, Benny Dayal, Pritam Chakraborty",Hindi
188,DLWLE - Tukur Tukur.mp3,Tukur Tukur,songs-file/DLWLE%20-%20Tukur%20Tukur.mp3.mp3,273.0434693877551,0,0,108,DLWLE,Dilwale,2015,Pritam Chakraborty,Hindi
189,DDLJ - Ruk Ja O Dil Deewane.mp3,Ruk Ja O Dil Deewane,songs-file/DDLJ%20-%20Ruk%20Ja%20O%20Dil%20Deewane.mp3.mp3,312.3333333333333,0,0,109,DDLJ,Dilwale Dulhania Le Jayenge,1995,Udit Narayan,Hindi
190,DISK - Tu Hi Hai Aashiqui.mp3,Tu Hi Hai Aashiqui,songs-file/DISK%20-%20Tu%20Hi%20Hai%20Aashiqui.mp3.mp3,297.40990929705214,0,0,110,DISK,Dishkiyaoon,2014,Arijit Singh,Hindi
191,DLKK - Kuch To Hai.mp3,Kuch To Hai,songs-file/DLKK%20-%20Kuch%20To%20Hai.mp3.mp3,248.16326530612244,0,0,111,DLKK,Do Lafzon Ki Kahani,2016,Armaan Malik,Hindi
192,D - Apne Dil Me Dekho.mp3,Apne Dil Me Dekho,songs-file/D%20-%20Apne%20Dil%20Me%20Dekho.mp3.mp3,95.352,0,0,112,D,Doraemon,1979,Doraemon,"Hindi, Cartoon"
193,D - Jeene Ka Sahi Dhang.mp3,Jeene Ka Sahi Dhang,songs-file/D%20-%20Jeene%20Ka%20Sahi%20Dhang.mp3.mp3,69.0,0,0,112,D,Doraemon,1979,Doraemon,"Hindi, Cartoon"
194,D - Shounenki.mp3,Shounenki,songs-file/D%20-%20Shounenki.mp3.mp3,192.744,0,0,112,D,Doraemon,1979,Tetsuya Takeda,"Cartoon, Japanese"
195,D - Yume o Kanaete.mp3,Yume o Kanaete,songs-file/D%20-%20Yume%20o%20Kanaete.mp3.mp3,244.68897959183673,0,0,112,D,Doraemon,1979,MAO,"Cartoon, Japanese"
196,D - Zindagi Sawar Doon.mp3,Zindagi Sawar Doon,songs-file/D%20-%20Zindagi%20Sawar%20Doon.mp3.mp3,72.41142857142857,0,0,112,D,Doraemon,1979,Doraemon,"Hindi, Cartoon"
197,DSTN - Jaane Kyun.mp3,Jaane Kyun,songs-file/DSTN%20-%20Jaane%20Kyun.mp3.mp3,277.9924375,0,0,113,DSTN,Dostana,2008,Vishal-Shekhar,Hindi
198,DSTN - Khabar Nahi.mp3,Khabar Nahi,songs-file/DSTN%20-%20Khabar%20Nahi.mp3.mp3,259.10857142857145,0,0,113,DSTN,Dostana,2008,"Shreya Ghoshal, Amanat Ali, Raja Hasan, Vishal Dadlani",Hindi
199,DSTN - Shut Up & Bounce.mp3,Shut Up & Bounce,songs-file/DSTN%20-%20Shut%20Up%20%26%20Bounce.mp3.mp3,277.5238125,0,0,113,DSTN,Dostana,2008,Vishal-Shekhar,Hindi
200,DL - Kiss & Makeup.mp3,Kiss & Makeup,songs-file/DL%20-%20Kiss%20%26%20Makeup.mp3.mp3,189.192,0,0,114,DL,Dua Lipa,2015,"BLACKPINK, Dua Lipa",English
201,DMD - Te Amo (Duet).mp3,Te Amo (Duet),songs-file/DMD%20-%20Te%20Amo%20(Duet).mp3.mp3,286.82448979591834,0,0,115,DMD,Dum Maaro Dum,2011,"Sunidhi Chauhan, Pritam Chakraborty, Ash King",Hindi
202,DUS - Dus Bahane.mp3,Dus Bahane,songs-file/DUS%20-%20Dus%20Bahane.mp3.mp3,206.94666666666666,0,0,116,DUS,Dus,2005,"Vishal-Shekhar, KK, Shaan",Hindi
203,ES - Shape of You.mp3,Shape of You,songs-file/ES%20-%20Shape%20of%20You.mp3.mp3,263.2432,0,0,117,ES,Ed Sheeran,2005,Ed Sheeran,English
204,EMAET - Ek Main Aur Ekk Tu.mp3,Ek Main Aur Ekk Tu,songs-file/EMAET%20-%20Ek%20Main%20Aur%20Ekk%20Tu.mp3.mp3,263.83673469387753,0,0,118,EMAET,Ek Main Aur Ekk Tu,2012,"Anushka Manchanda, Benny Dayal",Hindi
205,EMAET - Gubbare.mp3,Gubbare,songs-file/EMAET%20-%20Gubbare.mp3.mp3,271.7779591836735,0,0,118,EMAET,Ek Main Aur Ekk Tu,2012,Amit Trivedi,Hindi
206,ETT - Laapata.mp3,Laapata,songs-file/ETT%20-%20Laapata.mp3.mp3,256.56,0,0,119,ETT,Ek Tha Tiger,2012,KK,Hindi
207,ETT - Saiyaara.mp3,Saiyaara,songs-file/ETT%20-%20Saiyaara.mp3.mp3,253.88,0,0,119,ETT,Ek Tha Tiger,2012,"Mohit Chauhan, Tarannum Mallik",Hindi
208,EV - Baanjara.mp3,Baanjara,songs-file/EV%20-%20Baanjara.mp3.mp3,336.45714285714286,0,0,120,EV,Ek Villain,2014,Mohammed Irfan,Hindi
209,EV - Galliyan.mp3,Galliyan,songs-file/EV%20-%20Galliyan.mp3.mp3,340.9385941043084,0,0,120,EV,Ek Villain,2014,Ankit Tiwari,Hindi
210,EV - Humdard.mp3,Humdard,songs-file/EV%20-%20Humdard.mp3.mp3,260.31020408163266,0,0,120,EV,Ek Villain,2014,Arijit Singh,Hindi
211,EV - Zaroorat.mp3,Zaroorat,songs-file/EV%20-%20Zaroorat.mp3.mp3,369.035025,0,0,120,EV,Ek Villain,2014,Mustafa Zahid,Hindi
212,EDT - Hosanna (RDJ).mp3,Hosanna (RDJ),songs-file/EDT%20-%20Hosanna%20(RDJ).mp3.mp3,187.723875,0,0,121,EDT,Ekk Deewana Tha,2012,"A. R. Rahman, Leon D'Souza, Suzanne D'Mello",Hindi
213,EDT - Hosanna.mp3,Hosanna,songs-file/EDT%20-%20Hosanna.mp3.mp3,333.9755102040816,0,0,121,EDT,Ekk Deewana Tha,2012,"A. R. Rahman, Leon D'Souza, Suzanne D'Mello",Hindi
214,ED - MIDDLE OF THE NIGHT.mp3,MIDDLE OF THE NIGHT,songs-file/ED%20-%20MIDDLE%20OF%20THE%20NIGHT.mp3.mp3,182.7004081632653,0,0,122,ED,Elley Duhe,2022,Elley Duhe,English
215,EMPT - Tune Mere Jaana.mp3,Tune Mere Jaana,songs-file/EMPT%20-%20Tune%20Mere%20Jaana.mp3.mp3,245.8985625,0,0,123,EMPT,Emptiness,2014,Gajendra Verma,Hindi
216,E - Johnny Johnny.mp3,Johnny Johnny,songs-file/E%20-%20Johnny%20Johnny.mp3.mp3,189.17877551020408,0,0,124,E,Entertainment,2014,"Madhav Krishna, Jigar, Priya Panchal",Hindi
217,E - Tera Naam Doon.mp3,Tera Naam Doon,songs-file/E%20-%20Tera%20Naam%20Doon.mp3.mp3,284.00326530612244,0,0,124,E,Entertainment,2014,"Shalmali Kholgade, Atif Aslam",Hindi
218,E - Veerey Di Wedding.mp3,Veerey Di Wedding,songs-file/E%20-%20Veerey%20Di%20Wedding.mp3.mp3,214.7526530612245,0,0,124,E,Entertainment,2014,Mika Singh,Hindi
219,EPORA - Why Not Me?.mp3,Why Not Me?,songs-file/EPORA%20-%20Why%20Not%20Me%3F.mp3.mp3,219.45469387755102,0,0,125,EPORA,Euphoria,2010,Enrique Iglesias,English
220,F - La La La (Brazil).mp3,La La La (Brazil),songs-file/F%20-%20La%20La%20La%20(Brazil).mp3.mp3,210.3632,0,0,126,F,FIFA,1930,Shakira,English
221,F - We Are One (Ole Ola).mp3,We Are One (Ole Ola),songs-file/F%20-%20We%20Are%20One%20(Ole%20Ola).mp3.mp3,226.0232,0,0,126,F,FIFA,1930,Pitbull,English
222,FANAA - Chand Sifarish.mp3,Chand Sifarish,songs-file/FANAA%20-%20Chand%20Sifarish.mp3.mp3,276.62666666666667,0,0,127,FANAA,Fanaa,2006,"Kailash Kher, Shaan",Hindi
223,FANAA - Mere Haath Mein.mp3,Mere Haath Mein,songs-file/FANAA%20-%20Mere%20Haath%20Mein.mp3.mp3,287.56125,0,0,127,FANAA,Fanaa,2006,Sonu Nigam,Hindi
224,FSHN - Mar Jaava.mp3,Mar Jaava,songs-file/FSHN%20-%20Mar%20Jaava.mp3.mp3,238.9419375,0,0,128,FSHN,Fashion,2008,"Salim Merchant, Shruti Pathak, Salim-Sulaiman",Hindi
225,F&F6 - We Own It.mp3,We Own It,songs-file/F%26F6%20-%20We%20Own%20It.mp3.mp3,226.64533333333333,0,0,129,F&F6,Fast & Furious 6,2013,"2 Chainz, Wiz Khalifa",English
226,FZLPR - Chull.mp3,Chull,songs-file/FZLPR%20-%20Chull.mp3.mp3,165.29086167800455,0,0,130,FZLPR,Fazilpuria,2014,"Fazilpuria, Badshah",Hindi
227,FS - Infinity.mp3,Infinity,songs-file/FS%20-%20Infinity.mp3.mp3,237.79265306122448,0,0,131,FS,Feel Something,2017,Jaymes Young,English
228,FGLY - Banjarey.mp3,Banjarey,songs-file/FGLY%20-%20Banjarey.mp3.mp3,245.91013605442177,0,0,132,FGLY,Fugly,2014,Yo Yo Honey Singh,Hindi
229,FKRY - Ambarsariya.mp3,Ambarsariya,songs-file/FKRY%20-%20Ambarsariya.mp3.mp3,248.7861678004535,0,0,133,FKRY,Fukrey,2013,"Munna Dhiman, Sona Mohapatra, Ram Sampath",Hindi
230,F7 - See You Again.mp3,See You Again,songs-file/F7%20-%20See%20You%20Again.mp3.mp3,237.3832,0,0,134,F7,Furious 7,2015,Wiz Khalifa,English
231,GB - GF BF.mp3,GF BF,songs-file/GB%20-%20GF%20BF.mp3.mp3,314.56975,0,0,135,GB,GF BF,2016,"Gurinder Seagal, Jacqueline Fernandez",Hindi
232,GiB - Teri Meri Kahani.mp3,Teri Meri Kahani,songs-file/GiB%20-%20Teri%20Meri%20Kahani.mp3.mp3,331.57621875,0,0,136,GiB,Gabbar is Back,2015,"Arijit Singh, Palak Muchhal",Hindi
233,GALS - Bheegi Bheegi.mp3,Bheegi Bheegi,songs-file/GALS%20-%20Bheegi%20Bheegi.mp3.mp3,344.06666666666666,0,0,137,GALS,Gangster: A Love Story,2006,James,Hindi
234,GALS - Lamha Lamha.mp3,Lamha Lamha,songs-file/GALS%20-%20Lamha%20Lamha.mp3.mp3,324.58666666666664,0,0,137,GALS,Gangster: A Love Story,2006,Abhijeet Bhattacharya,Hindi
235,GALS - Tu Hi Meri Shab Hai.mp3,Tu Hi Meri Shab Hai,songs-file/GALS%20-%20Tu%20Hi%20Meri%20Shab%20Hai.mp3.mp3,389.6933333333333,0,0,137,GALS,Gangster: A Love Story,2006,"Pritam Chakraborty, KK",Hindi
236,GALS - Ya Ali.mp3,Ya Ali,songs-file/GALS%20-%20Ya%20Ali.mp3.mp3,295.4,0,0,137,GALS,Gangster: A Love Story,2006,Zubeen Garg,Hindi
237,GJNI - Guzarish.mp3,Guzarish,songs-file/GJNI%20-%20Guzarish.mp3.mp3,329.119925,0,0,138,GJNI,Ghajini,2008,"Sonu Nigam, Javed Ali",Hindi
238,GJNI - Kaise Mujhe.mp3,Kaise Mujhe,songs-file/GJNI%20-%20Kaise%20Mujhe.mp3.mp3,346.59585,0,0,138,GJNI,Ghajini,2008,"Shreya Ghoshal, Benny Dayal",Hindi
239,GULM - Aankhon Se Tune Kya Keh Diya.mp3,Aankhon Se Tune Kya Keh Diya,songs-file/GULM%20-%20Aankhon%20Se%20Tune%20Kya%20Keh%20Diya.mp3.mp3,305.94612244897957,0,0,139,GULM,Ghulam,1998,"Alka Yagnik, Kumar Sanu",Hindi
240,GGG - Babaji Ki Booti.mp3,Babaji Ki Booti,songs-file/GGG%20-%20Babaji%20Ki%20Booti.mp3.mp3,226.24,0,0,140,GGG,Go Goa Gone,2013,"Kunal Khemu, Bornalee Deuri, Sachin-Jigar, Raj Nidimoru, Krishna D.K., Anand Tiwari",Hindi
241,GKRR - Nagada Sang Dhol.mp3,Nagada Sang Dhol,songs-file/GKRR%20-%20Nagada%20Sang%20Dhol.mp3.mp3,273.3191836734694,0,0,141,GKRR,Goliyon Ki Raasleela Ram-Leela,2013,"Shreya Ghoshal, Osman Mir",Hindi
242,GBBB - Ashiqana Aalam.mp3,Ashiqana Aalam,songs-file/GBBB%20-%20Ashiqana%20Aalam.mp3.mp3,310.248,0,0,142,GBBB,"Good Boy, Bad Boy",2007,"Alka Yagnik, Sunidhi Chauhan, Himesh Reshammiya",Hindi
243,GUID - Gaata Rahe Mera Dil.mp3,Gaata Rahe Mera Dil,songs-file/GUID%20-%20Gaata%20Rahe%20Mera%20Dil.mp3.mp3,323.3516875,0,0,143,GUID,Guide,1965,"Kishore Kumar, Lata Mangeshkar",Hindi
244,GNDY - Jashn-e-Ishqa.mp3,Jashn-e-Ishqa,songs-file/GNDY%20-%20Jashn-e-Ishqa.mp3.mp3,261.21344671201814,0,0,144,GNDY,Gunday,2013,"Shadab Faridi, Javed Ali",Hindi
245,GNDY - Saaiyaan.mp3,Saaiyaan,songs-file/GNDY%20-%20Saaiyaan.mp3.mp3,256.95643990929705,0,0,144,GNDY,Gunday,2013,Shahid Mallya,Hindi
246,GNDY - Tune Maari Entriyaan.mp3,Tune Maari Entriyaan,songs-file/GNDY%20-%20Tune%20Maari%20Entriyaan.mp3.mp3,312.95419501133784,0,0,144,GNDY,Gunday,2013,"Neeti Mohan, Bappi Lahiri, Vishal Dadlani, KK",Hindi
247,G - Tere Bina.mp3,Tere Bina,songs-file/G%20-%20Tere%20Bina.mp3.mp3,305.6,0,0,145,G,Guru,2007,"A. R. Rahman, Chinmayi",Hindi
248,GR(IB - Yaar Mod Do.mp3,Yaar Mod Do,songs-file/GR(IB%20-%20Yaar%20Mod%20Do.mp3.mp3,208.69545,0,0,146,GR(IB,Guru Randhawa (At Its Best),2018,"Guru Randhawa, Millind Gaba",Hindi
249,GZRIH - Udi Tere Aankhoin Se.mp3,Udi Tere Aankhoin Se,songs-file/GZRIH%20-%20Udi%20Tere%20Aankhoin%20Se.mp3.mp3,202.2740625,0,0,147,GZRIH,Guzaarish,2010,"Sunidhi Chauhan, Shail Hada",Hindi
250,HG - Baarish.mp3,Baarish,songs-file/HG%20-%20Baarish.mp3.mp3,275.01714285714286,0,0,148,HG,Half Girlfriend,2017,"Shashaa Tirupati, Ash King",Hindi
251,H - Without Me.mp3,Without Me,songs-file/H%20-%20Without%20Me.mp3.mp3,203.8632,0,0,149,H,Halsey,2014,Halsey,English
252,HAK - Hamari Adhuri Kahani.mp3,Hamari Adhuri Kahani,songs-file/HAK%20-%20Hamari%20Adhuri%20Kahani.mp3.mp3,398.91591836734693,0,0,150,HAK,Hamari Adhuri Kahani,2015,Arijit Singh,Hindi
253,HAK - Hasi (Female).mp3,Hasi (Female),songs-file/HAK%20-%20Hasi%20(Female).mp3.mp3,192.23909375,0,0,150,HAK,Hamari Adhuri Kahani,2015,Shreya Ghoshal,Hindi
254,HAK - Hasi.mp3,Hasi,songs-file/HAK%20-%20Hasi.mp3.mp3,272.71836734693875,0,0,150,HAK,Hamari Adhuri Kahani,2015,Ami Mishra,Hindi
255,HAK - Humnava.mp3,Humnava,songs-file/HAK%20-%20Humnava.mp3.mp3,328.974126984127,0,0,150,HAK,Hamari Adhuri Kahani,2015,Papon,Hindi
256,HNY - Lovely.mp3,Lovely,songs-file/HNY%20-%20Lovely.mp3.mp3,220.82718820861678,0,0,151,HNY,Happy New Year,2014,"Kanika Kapoor, Fateh, Miraya Varma, Ravindra Upadhyay",Hindi
257,HNY - Manwa laage.mp3,Manwa laage,songs-file/HNY%20-%20Manwa%20laage.mp3.mp3,271.95614512471656,0,0,151,HNY,Happy New Year,2014,"Shreya Ghoshal, Arijit Singh",Hindi
258,HNY - Satakli.mp3,Satakli,songs-file/HNY%20-%20Satakli.mp3.mp3,222.45877551020408,0,0,151,HNY,Happy New Year,2014,Sukhwinder Singh,Hindi
259,HS2 - Hai Dil Ye Mera.mp3,Hai Dil Ye Mera,songs-file/HS2%20-%20Hai%20Dil%20Ye%20Mera.mp3.mp3,297.7697959183673,0,0,152,HS2,Hate Story 2,2014,Arijit Singh,Hindi
260,HS3 - Tumhe Apna Banane Ka.mp3,Tumhe Apna Banane Ka,songs-file/HS3%20-%20Tumhe%20Apna%20Banane%20Ka.mp3.mp3,310.15505,0,0,153,HS3,Hate Story 3,2015,"Neeti Mohan, Armaan Malik",Hindi
261,HS3 - Wajah Tum Ho.mp3,Wajah Tum Ho,songs-file/HS3%20-%20Wajah%20Tum%20Ho.mp3.mp3,357.6979,0,0,153,HS3,Hate Story 3,2015,"Abhijit Vaghani, Gourov-Roshin",Hindi
262,H-3 - Tum Ho Mera Pyar.mp3,Tum Ho Mera Pyar,songs-file/H-3%20-%20Tum%20Ho%20Mera%20Pyar.mp3.mp3,306.6891609977324,0,0,154,H-3,Haunted - 3D,2011,"Suzanne D'Mello, KK",Hindi
263,HRTLS - Main Dhoondne Ko Zamaane Mein.mp3,Main Dhoondne Ko Zamaane Mein,songs-file/HRTLS%20-%20Main%20Dhoondne%20Ko%20Zamaane%20Mein.mp3.mp3,263.01242630385485,0,0,155,HRTLS,Heartless,2014,Arijit Singh,Hindi
264,HRTLS - Soniye.mp3,Soniye,songs-file/HRTLS%20-%20Soniye.mp3.mp3,301.04671201814057,0,0,155,HRTLS,Heartless,2014,KK,Hindi
265,HB - Teri Chunariya.mp3,Teri Chunariya,songs-file/HB%20-%20Teri%20Chunariya.mp3.mp3,352.7575510204082,0,0,156,HB,Hello Brother,1999,"Alka Yagnik, Kumar Sanu, Himesh Reshammiya",Hindi
266,HP - Jab Bhi Koi Haseena.mp3,Jab Bhi Koi Haseena,songs-file/HP%20-%20Jab%20Bhi%20Koi%20Haseena.mp3.mp3,402.3118367346939,0,0,157,HP,Hera Pheri,2000,"KK, Anu Malik",Hindi
267,HERO - Main Hoon Hero Tera.mp3,Main Hoon Hero Tera,songs-file/HERO%20-%20Main%20Hoon%20Hero%20Tera.mp3.mp3,284.137075,0,0,158,HERO,Hero,2015,Salman Khan,Hindi
268,HRPNT - Tere Binaa.mp3,Tere Binaa,songs-file/HRPNT%20-%20Tere%20Binaa.mp3.mp3,203.23265306122448,0,0,159,HRPNT,Heropanti,2014,Mustafa Zahid,Hindi
269,HRPNT - Whistle Baja.mp3,Whistle Baja,songs-file/HRPNT%20-%20Whistle%20Baja.mp3.mp3,193.6111337868481,0,0,159,HRPNT,Heropanti,2014,"Manj Musik, Nindy Kaur",Hindi
270,HH(SR - High Heels.mp3,High Heels,songs-file/HH(SR%20-%20High%20Heels.mp3.mp3,297.7959183673469,0,0,160,HH(SR,High Heels (DJ Suketu Remix),2012,"Jaz Dhami, Yo Yo Honey Singh",Hindi
271,HIWY - Maahi Ve.mp3,Maahi Ve,songs-file/HIWY%20-%20Maahi%20Ve.mp3.mp3,240.95883333333333,0,0,161,HIWY,Highway,2014,A. R. Rahman,Hindi
272,HM - Suit Suit.mp3,Suit Suit,songs-file/HM%20-%20Suit%20Suit.mp3.mp3,200.82938775510203,0,0,162,HM,Hindi Medium,2017,Guru Randhawa,Hindi
273,H-R - Deewana Tera.mp3,Deewana Tera,songs-file/H-R%20-%20Deewana%20Tera.mp3.mp3,359.105306122449,0,0,163,H-R,Hindustani - Remix,1999,Sonu Nigam,Hindi
274,HASINOD - Shaayraana.mp3,Shaayraana,songs-file/HASINOD%20-%20Shaayraana.mp3.mp3,261.47990929705213,0,0,164,HASINOD,Holiday: A Soldier Is Never Off Duty,2014,Arijit Singh,Hindi
275,HASINOD - Tu Hi Toh Hai.mp3,Tu Hi Toh Hai,songs-file/HASINOD%20-%20Tu%20Hi%20Toh%20Hai.mp3.mp3,235.49678004535147,0,0,164,HASINOD,Holiday: A Soldier Is Never Off Duty,2014,Kunal Ganjawala,Hindi
276,H2 - Do U Know.mp3,Do U Know,songs-file/H2%20-%20Do%20U%20Know.mp3.mp3,321.8285714285714,0,0,165,H2,Housefull 2,2012,"Shreya Ghoshal, Shaan",Hindi
277,H2 - Right Now Now.mp3,Right Now Now,songs-file/H2%20-%20Right%20Now%20Now.mp3.mp3,246.15473922902495,0,0,165,H2,Housefull 2,2012,"Sunidhi Chauhan, Suzanne D'Mello, Wajid Ali",Hindi
278,HUM - Jumma Chumma De De.mp3,Jumma Chumma De De,songs-file/HUM%20-%20Jumma%20Chumma%20De%20De.mp3.mp3,504.872,0,0,166,HUM,Hum,1991,"Sudesh Bhosale, Kavita Krishnamurthy",Hindi
279,HAHK - Pehla Pehla Pyar.mp3,Pehla Pehla Pyar,songs-file/HAHK%20-%20Pehla%20Pehla%20Pyar.mp3.mp3,264.740875,0,0,167,HAHK,Hum Aapke Hain Koun..!,1994,S. P. Balasubrahmanyam,Hindi
280,HAHK - Wah Wah Ramji.mp3,Wah Wah Ramji,songs-file/HAHK%20-%20Wah%20Wah%20Ramji.mp3.mp3,253.88,0,0,167,HAHK,Hum Aapke Hain Koun..!,1994,"S. P. Balasubrahmanyam, Lata Mangeshkar",Hindi
281,HKKN - Kya Hua Tera Wada (New).mp3,Kya Hua Tera Wada (New),songs-file/HKKN%20-%20Kya%20Hua%20Tera%20Wada%20(New).mp3.mp3,176.58775510204083,0,0,168,HKKN,Hum Kisise Kum Naheen,1977,"R. D. Burman, Sushma Shreshta, Mohammed Rafi",Hindi
282,HKKN - Kya Hua Tera Wada.mp3,Kya Hua Tera Wada,songs-file/HKKN%20-%20Kya%20Hua%20Tera%20Wada.mp3.mp3,258.03755102040816,0,0,168,HKKN,Hum Kisise Kum Naheen,1977,"R. D. Burman, Sushma Shreshta, Mohammed Rafi",Hindi
283,HMJLI - Dhal Gaya Din Ho Gayi Sham.mp3,Dhal Gaya Din Ho Gayi Sham,songs-file/HMJLI%20-%20Dhal%20Gaya%20Din%20Ho%20Gayi%20Sham.mp3.mp3,296.5942857142857,0,0,169,HMJLI,Humjoli,1970,"Asha Bhosle, Mohammed Rafi",Hindi
284,HSKD - Samjhawan.mp3,Samjhawan,songs-file/HSKD%20-%20Samjhawan.mp3.mp3,269.1845351473923,0,0,170,HSKD,Humpty Sharma Ki Dulhania,2014,"Shreya Ghoshal, Arijit Singh",Hindi
285,HSKD - Saturday Saturday.mp3,Saturday Saturday,songs-file/HSKD%20-%20Saturday%20Saturday.mp3.mp3,210.83718820861677,0,0,170,HSKD,Humpty Sharma Ki Dulhania,2014,"Indeep Bakshi, Badshah",Hindi
286,HMSKL - Caller Tune.mp3,Caller Tune,songs-file/HMSKL%20-%20Caller%20Tune.mp3.mp3,275.1066666666667,0,0,171,HMSKL,Humshakal,2014,"Neeti Mohan, Neeraj Shridhar",Hindi
287,HNGM - Chain Aap Ko.mp3,Chain Aap Ko,songs-file/HNGM%20-%20Chain%20Aap%20Ko.mp3.mp3,300.44225,0,0,172,HNGM,Hungama,2003,"Sadhana Sargam, Shaan",Hindi
288,HNGM - Hum Nahin.mp3,Hum Nahin,songs-file/HNGM%20-%20Hum%20Nahin.mp3.mp3,357.049625,0,0,172,HNGM,Hungama,2003,"Sonu Nigam, Alka Yagnik, Abhijeet Bhattacharya",Hindi
289,IHLS - Bahara.mp3,Bahara,songs-file/IHLS%20-%20Bahara.mp3.mp3,325.70666666666665,0,0,173,IHLS,I Hate Luv Storys,2010,"Shreya Ghoshal, Sona Mohapatra, Vishal-Shekhar",Hindi
290,IHLS - Bin Tere.mp3,Bin Tere,songs-file/IHLS%20-%20Bin%20Tere.mp3.mp3,330.36,0,0,173,IHLS,I Hate Luv Storys,2010,"Vishal-Shekhar, Sunidhi Chauhan, Shafqat Amanat Ali",Hindi
291,IMaM - Saajna.mp3,Saajna,songs-file/IMaM%20-%20Saajna.mp3.mp3,282.0232916666667,0,0,174,IMaM,"I, Me aur Main",2013,Falak Shabir,Hindi
292,I - Chhoti Si Kahani Se.mp3,Chhoti Si Kahani Se,songs-file/I%20-%20Chhoti%20Si%20Kahani%20Se.mp3.mp3,438.16,0,0,175,I,Ijaazat,1987,Asha Bhosle,Hindi
293,IK - Ik Kahani.mp3,Ik Kahani,songs-file/IK%20-%20Ik%20Kahani.mp3.mp3,205.97551020408164,0,0,176,IK,Ik Kahani,2017,Gajendra Verma,Hindi
294,IV - Brown Rang.mp3,Brown Rang,songs-file/IV%20-%20Brown%20Rang.mp3.mp3,179.09115646258505,0,0,177,IV,International Villager,2011,Yo Yo Honey Singh,Hindi
295,ISHQ - Neend Churayee Meri.mp3,Neend Churayee Meri,songs-file/ISHQ%20-%20Neend%20Churayee%20Meri.mp3.mp3,346.778725,0,0,178,ISHQ,Ishq,1997,"Alka Yagnik, Kumar Sanu, Kavita Krishnamurthy, Udit Narayan",Hindi
296,JTYJN - Kabhi Kabhi Aditi.mp3,Kabhi Kabhi Aditi,songs-file/JTYJN%20-%20Kabhi%20Kabhi%20Aditi.mp3.mp3,221.312,0,0,179,JTYJN,Jaane Tu… Ya Jaane Na,2008,Rashid Ali,Hindi
297,JTYJN - Kahin To Hogi Woh.mp3,Kahin To Hogi Woh,songs-file/JTYJN%20-%20Kahin%20To%20Hogi%20Woh.mp3.mp3,305.2488125,0,0,179,JTYJN,Jaane Tu… Ya Jaane Na,2008,"Rashid Ali, Vasundhara Das",Hindi
298,JTYJN - Pappu Can't Dance Saala.mp3,Pappu Can't Dance Saala,songs-file/JTYJN%20-%20Pappu%20Can't%20Dance%20Saala.mp3.mp3,267.2,0,0,179,JTYJN,Jaane Tu… Ya Jaane Na,2008,"Benny Dayal, Tanvi Shah, Anupama Deshpande, Blaze, Darshana Mohammad Aslam, Satish Subramanium, A. R. Rahman",Hindi
299,JNWR - Tujhko Na Dekhun.mp3,Tujhko Na Dekhun,songs-file/JNWR%20-%20Tujhko%20Na%20Dekhun.mp3.mp3,294.0353514739229,0,0,180,JNWR,Jaanwar,1999,"Sunidhi Chauhan, Udit Narayan",Hindi
300,JHmS - Hawayein.mp3,Hawayein,songs-file/JHmS%20-%20Hawayein.mp3.mp3,255.062775,0,0,181,JHmS,Jab Harry met Sejal,2017,Arijit Singh,Hindi
301,JJPK - Pardesiyon Se Na Ankhiyan Milana.mp3,Pardesiyon Se Na Ankhiyan Milana,songs-file/JJPK%20-%20Pardesiyon%20Se%20Na%20Ankhiyan%20Milana.mp3.mp3,194.22040816326532,0,0,182,JJPK,Jab Jab Phool Khile,1965,Mohammed Rafi,Hindi
302,JTHJ - Challa.mp3,Challa,songs-file/JTHJ%20-%20Challa.mp3.mp3,322.48,0,0,183,JTHJ,Jab Tak Hai Jaan,2012,Rabbi Shergill,Hindi
303,JTHJ - Ishq Shava.mp3,Ishq Shava,songs-file/JTHJ%20-%20Ishq%20Shava.mp3.mp3,270.3230625,0,0,183,JTHJ,Jab Tak Hai Jaan,2012,"Shilpa Rao, Raghav",Hindi
304,JTHJ - Jiya Re.mp3,Jiya Re,songs-file/JTHJ%20-%20Jiya%20Re.mp3.mp3,320.92,0,0,183,JTHJ,Jab Tak Hai Jaan,2012,Neeti Mohan,Hindi
305,JWM - Aao Milo Chalo.mp3,Aao Milo Chalo,songs-file/JWM%20-%20Aao%20Milo%20Chalo.mp3.mp3,328.2104375,0,0,184,JWM,Jab We Met,2007,"Sultan Khan, Shaan",Hindi
306,JWM - Aaoge Jab Tum.mp3,Aaoge Jab Tum,songs-file/JWM%20-%20Aaoge%20Jab%20Tum.mp3.mp3,356.976,0,0,184,JWM,Jab We Met,2007,Rashid Khan,Hindi
307,JWM - Mauja Hi Mauja.mp3,Mauja Hi Mauja,songs-file/JWM%20-%20Mauja%20Hi%20Mauja.mp3.mp3,247.016,0,0,184,JWM,Jab We Met,2007,Mika Singh,Hindi
308,JWM - Tum Se Hi.mp3,Tum Se Hi,songs-file/JWM%20-%20Tum%20Se%20Hi.mp3.mp3,323.16,0,0,184,JWM,Jab We Met,2007,Mohit Chauhan,Hindi
309,JWM - Ye Ishq Hai.mp3,Ye Ishq Hai,songs-file/JWM%20-%20Ye%20Ishq%20Hai.mp3.mp3,282.888,0,0,184,JWM,Jab We Met,2007,Shreya Ghoshal,Hindi
310,JKPT - Kabhi Jo Baadal Barse.mp3,Kabhi Jo Baadal Barse,songs-file/JKPT%20-%20Kabhi%20Jo%20Baadal%20Barse.mp3.mp3,254.3,0,0,185,JKPT,Jackpot,2019,Arijit Singh,Hindi
311,JJ - Galti Se Mistake.mp3,Galti Se Mistake,songs-file/JJ%20-%20Galti%20Se%20Mistake.mp3.mp3,203.15428571428572,0,0,186,JJ,Jagga Jasoos,2017,"Arijit Singh, Amit Mishra",Hindi
312,JH - Tere Naina Maar Hi Daalenge.mp3,Tere Naina Maar Hi Daalenge,songs-file/JH%20-%20Tere%20Naina%20Maar%20Hi%20Daalenge.mp3.mp3,300.32689342403626,0,0,187,JH,Jai Ho,2014,"Shreya Ghoshal, Shabab Sabri, Shaan",Hindi
313,JH - Tumko To Aana Hi Tha.mp3,Tumko To Aana Hi Tha,songs-file/JH%20-%20Tumko%20To%20Aana%20Hi%20Tha.mp3.mp3,252.7027664399093,0,0,187,JH,Jai Ho,2014,"Marianne D'Cruz, Altamash Faridi, Armaan Malik",Hindi
314,JV - Tennu Le.mp3,Tennu Le,songs-file/JV%20-%20Tennu%20Le.mp3.mp3,306.68,0,0,188,JV,Jai Veeru,2009,"Ntedit, Omer Inayat",Hindi
315,JLEBI - Pal.mp3,Pal,songs-file/JLEBI%20-%20Pal.mp3.mp3,247.3952,0,0,189,JLEBI,Jalebi,2018,"Shreya Ghoshal, Arijit Singh",Hindi
316,JNT2 - Tera Deedar Hua.mp3,Tera Deedar Hua,songs-file/JNT2%20-%20Tera%20Deedar%20Hua.mp3.mp3,347.5733333333333,0,0,190,JNT2,Jannat 2,2012,"Pritam Chakraborty, Javed Ali",Hindi
317,JNT2 - Tu Hi Mera.mp3,Tu Hi Mera,songs-file/JNT2%20-%20Tu%20Hi%20Mera.mp3.mp3,272.97333333333336,0,0,190,JNT2,Jannat 2,2012,"Pritam Chakraborty, Shafqat Amanat Ali",Hindi
318,JNT2 - Tujhe Sochta Hoon.mp3,Tujhe Sochta Hoon,songs-file/JNT2%20-%20Tujhe%20Sochta%20Hoon.mp3.mp3,314.0259375,0,0,190,JNT2,Jannat 2,2012,Pritam Chakraborty,Hindi
319,JISoH - Haan Tu Hain.mp3,Haan Tu Hain,songs-file/JISoH%20-%20Haan%20Tu%20Hain.mp3.mp3,324.88,0,0,191,JISoH,Jannat: In Search of Heaven...,2008,"Pritam Chakraborty, KK",Hindi
320,JISoH - Jannatein Kahan.mp3,Jannatein Kahan,songs-file/JISoH%20-%20Jannatein%20Kahan.mp3.mp3,228.2358125,0,0,191,JISoH,Jannat: In Search of Heaven...,2008,"Pritam Chakraborty, KK, Nikhil D'Souza",Hindi
321,JISoH - Lambi Judai.mp3,Lambi Judai,songs-file/JISoH%20-%20Lambi%20Judai.mp3.mp3,287.294693877551,0,0,191,JISoH,Jannat: In Search of Heaven...,2008,Richa Sharma,Hindi
322,JISoH - Zara Sa.mp3,Zara Sa,songs-file/JISoH%20-%20Zara%20Sa.mp3.mp3,303.68,0,0,191,JISoH,Jannat: In Search of Heaven...,2008,KK,Hindi
323,JBJ - Bol Na Halke Halke.mp3,Bol Na Halke Halke,songs-file/JBJ%20-%20Bol%20Na%20Halke%20Halke.mp3.mp3,306.4765625,0,0,192,JBJ,Jhoom Barabar Jhoom,2007,"Rahat Fateh Ali Khan, Mahalakshmi Iyer",Hindi
324,JBJ - Jhoom.mp3,Jhoom,songs-file/JBJ%20-%20Jhoom.mp3.mp3,425.232,0,0,192,JBJ,Jhoom Barabar Jhoom,2007,Shankar Mahadevan,Hindi
325,JSM2 - Abhi Abhi.mp3,Abhi Abhi,songs-file/JSM2%20-%20Abhi%20Abhi.mp3.mp3,344.6998412698413,0,0,193,JSM2,Jism 2,2012,"Shreya Ghoshal, Akriti Kakar, KK",Hindi
326,JJWS - Pehla Nasha.mp3,Pehla Nasha,songs-file/JJWS%20-%20Pehla%20Nasha.mp3.mp3,294.0604081632653,0,0,194,JJWS,Jo Jeeta Wohi Sikandar,1992,"Sadhana Sargam, Udit Narayan",Hindi
327,JA - Jashn-E-Bahaara.mp3,Jashn-E-Bahaara,songs-file/JA%20-%20Jashn-E-Bahaara.mp3.mp3,315.092175,0,0,195,JA,Jodhaa Akbar,2008,Javed Ali,Hindi
328,JA - Khwaja Mere Khwaja.mp3,Khwaja Mere Khwaja,songs-file/JA%20-%20Khwaja%20Mere%20Khwaja.mp3.mp3,416.499525,0,0,195,JA,Jodhaa Akbar,2008,A. R. Rahman,Hindi
329,JKR - Joker.mp3,Joker,songs-file/JKR%20-%20Joker.mp3.mp3,318.61551020408166,0,0,196,JKR,Joker,2014,Harrdy Sandhu,Hindi
330,JL2 - Go Pagal.mp3,Go Pagal,songs-file/JL2%20-%20Go%20Pagal.mp3.mp3,171.549325,0,0,197,JL2,Jolly LLB 2,2017,"Nindy Kaur, Raftaar",Hindi
331,J2 - Chalti Hai Kya 9 Se 12.mp3,Chalti Hai Kya 9 Se 12,songs-file/J2%20-%20Chalti%20Hai%20Kya%209%20Se%2012.mp3.mp3,261.8024,0,0,198,J2,Judwaa 2,2017,"Dev Negi, Neha Kakkar",Hindi
332,J - Mujhko Barsaat Bana Lo.mp3,Mujhko Barsaat Bana Lo,songs-file/J%20-%20Mujhko%20Barsaat%20Bana%20Lo.mp3.mp3,265.86848072562356,0,0,199,J,Junooniyat,2016,Armaan Malik,Hindi
333,JURM - Jab Koyi Baat Bigad Jaaye.mp3,Jab Koyi Baat Bigad Jaaye,songs-file/JURM%20-%20Jab%20Koyi%20Baat%20Bigad%20Jaaye.mp3.mp3,480.80979591836734,0,0,200,JURM,Jurm,1990,"Sadhana Sargam, Kumar Sanu",Hindi
334,JB - 2U.mp3,2U,songs-file/JB%20-%202U.mp3.mp3,194.95505,0,0,201,JB,Justin Bieber,2009,Justin Bieber,English
335,JB - Baby.mp3,Baby,songs-file/JB%20-%20Baby.mp3.mp3,224.7232,0,0,201,JB,Justin Bieber,2009,Justin Bieber,English
336,JB - Be Alright.mp3,Be Alright,songs-file/JB%20-%20Be%20Alright.mp3.mp3,190.584,0,0,201,JB,Justin Bieber,2009,Justin Bieber,English
337,JB - Beauty And A Beat.mp3,Beauty And A Beat,songs-file/JB%20-%20Beauty%20And%20A%20Beat.mp3.mp3,292.9232,0,0,201,JB,Justin Bieber,2009,Justin Bieber,English
338,JB - Boyfriend.mp3,Boyfriend,songs-file/JB%20-%20Boyfriend.mp3.mp3,210.552,0,0,201,JB,Justin Bieber,2009,Justin Bieber,English
339,JB - Die in Your Arms.mp3,Die in Your Arms,songs-file/JB%20-%20Die%20in%20Your%20Arms.mp3.mp3,238.2232,0,0,201,JB,Justin Bieber,2009,Justin Bieber,English
340,JB - Favorite Girl.mp3,Favorite Girl,songs-file/JB%20-%20Favorite%20Girl.mp3.mp3,256.8232,0,0,201,JB,Justin Bieber,2009,Justin Bieber,English
341,JB - Let Me Love You.mp3,Let Me Love You,songs-file/JB%20-%20Let%20Me%20Love%20You.mp3.mp3,205.3432,0,0,201,JB,Justin Bieber,2009,Justin Bieber,English
342,JB - Love Me.mp3,Love Me,songs-file/JB%20-%20Love%20Me.mp3.mp3,193.2832,0,0,201,JB,Justin Bieber,2009,Justin Bieber,English
343,JB - Never Say Never.mp3,Never Say Never,songs-file/JB%20-%20Never%20Say%20Never.mp3.mp3,226.6832,0,0,201,JB,Justin Bieber,2009,Justin Bieber,English
344,JB - One Time.mp3,One Time,songs-file/JB%20-%20One%20Time.mp3.mp3,242.8632,0,0,201,JB,Justin Bieber,2009,Justin Bieber,English
345,JB - Sorry.mp3,Sorry,songs-file/JB%20-%20Sorry.mp3.mp3,205.1232,0,0,201,JB,Justin Bieber,2009,Justin Bieber,English
346,KABIL - Kisi Se Pyar Ho Jaye.mp3,Kisi Se Pyar Ho Jaye,songs-file/KABIL%20-%20Kisi%20Se%20Pyar%20Ho%20Jaye.mp3.mp3,250.59785,0,0,202,KABIL,Kaabil,2016,Jubin Nautiyal,Hindi
347,KANK - Mitwa.mp3,Mitwa,songs-file/KANK%20-%20Mitwa.mp3.mp3,383.0857142857143,0,0,203,KANK,Kabhi Alvida Naa Kehna,2006,"Caralisa Monteiro, Shankar Mahadevan, Shafqat Amanat Ali",Hindi
348,KKKG - Yeh Ladka Hai Allah.mp3,Yeh Ladka Hai Allah,songs-file/KKKG%20-%20Yeh%20Ladka%20Hai%20Allah.mp3.mp3,160.26122448979592,0,0,204,KKKG,Kabhi Khushi Kabhie Gham...,2001,"Alka Yagnik, Jatin-Lalit, Udit Narayan",Hindi
349,KD - Mustafaa Mustafaa.mp3,Mustafaa Mustafaa,songs-file/KD%20-%20Mustafaa%20Mustafaa.mp3.mp3,363.23371882086167,0,0,205,KD,Kadhal Desam,1996,A. R. Rahman,Hindi
350,KNPH - Chand Sitare.mp3,Chand Sitare,songs-file/KNPH%20-%20Chand%20Sitare.mp3.mp3,394.8785487528345,0,0,206,KNPH,Kaho Naa... Pyaar Hai,1999,"Kumar Sanu, Kavita Krishnamurthy",Hindi
351,KNPH - Ek Pal Ka Jeena.mp3,Ek Pal Ka Jeena,songs-file/KNPH%20-%20Ek%20Pal%20Ka%20Jeena.mp3.mp3,394.945306122449,0,0,206,KNPH,Kaho Naa... Pyaar Hai,1999,Lucky Ali,Hindi
352,KNPH - Kaho Na Pyaar Hai.mp3,Kaho Na Pyaar Hai,songs-file/KNPH%20-%20Kaho%20Na%20Pyaar%20Hai.mp3.mp3,428.5910204081633,0,0,206,KNPH,Kaho Naa... Pyaar Hai,1999,"Alka Yagnik, Udit Narayan",Hindi
353,KNPH - Pyar Ki Kashti Mein.mp3,Pyar Ki Kashti Mein,songs-file/KNPH%20-%20Pyar%20Ki%20Kashti%20Mein.mp3.mp3,358.0342857142857,0,0,206,KNPH,Kaho Naa... Pyaar Hai,1999,"Alka Yagnik, Udit Narayan",Hindi
354,KAIK - Allah Ke Bande.mp3,Allah Ke Bande,songs-file/KAIK%20-%20Allah%20Ke%20Bande.mp3.mp3,276.2448979591837,0,0,207,KAIK,Kailash Kher,2003,Kailash Kher,Hindi
355,KAIK - Teri Deewani.mp3,Teri Deewani,songs-file/KAIK%20-%20Teri%20Deewani.mp3.mp3,323.6048979591837,0,0,449,KHKE,Khakee,2004,Kailash Kher,Hindi
356,KHNH - Kal Ho Naa Ho.mp3,Kal Ho Naa Ho,songs-file/KHNH%20-%20Kal%20Ho%20Naa%20Ho.mp3.mp3,321.28,0,0,208,KHNH,Kal Ho Naa Ho,2003,Sonu Nigam,Hindi
357,KLKAR - Neele Neele Ambar Par.mp3,Neele Neele Ambar Par,songs-file/KLKAR%20-%20Neele%20Neele%20Ambar%20Par.mp3.mp3,320.78367346938774,0,0,209,KLKAR,Kalakar,1942,Kishore Kumar,Hindi
358,KLUG - Aadat.mp3,Aadat,songs-file/KLUG%20-%20Aadat.mp3.mp3,333.7665306122449,0,0,210,KLUG,Kalyug,2005,Atif Aslam,Hindi
359,KLUG - Jiya Dhadak Dhadak.mp3,Jiya Dhadak Dhadak,songs-file/KLUG%20-%20Jiya%20Dhadak%20Dhadak.mp3.mp3,319.5378125,0,0,210,KLUG,Kalyug,2005,Rahat Fateh Ali Khan,Hindi
360,KTS - Dhan Te Nan.mp3,Dhan Te Nan,songs-file/KTS%20-%20Dhan%20Te%20Nan.mp3.mp3,281.2395833333333,0,0,211,KTS,Kaminey: The Scoundrels,2009,"Sukhwinder Singh, Vishal Dadlani, Robert Bob Omulo",Hindi
361,KTS - Raat Ke Dhai Baje.mp3,Raat Ke Dhai Baje,songs-file/KTS%20-%20Raat%20Ke%20Dhai%20Baje.mp3.mp3,357.935125,0,0,211,KTS,Kaminey: The Scoundrels,2009,"Kunal Ganjawala, Sunidhi Chauhan, Rekha Bhardwaj, Suresh Wadkar",Hindi
362,KNDN - Likhe Jo Khat Tujhe.mp3,Likhe Jo Khat Tujhe,songs-file/KNDN%20-%20Likhe%20Jo%20Khat%20Tujhe.mp3.mp3,272.19591836734696,0,0,212,KNDN,Kanyadaan,1968,Mohammed Rafi,Hindi
363,K&S - Bolna.mp3,Bolna,songs-file/K%26S%20-%20Bolna.mp3.mp3,212.8718367346939,0,0,213,K&S,Kapoor & Sons,2016,"Asees Kaur, Arijit Singh",Hindi
364,K&S - Let's Nacho.mp3,Let's Nacho,songs-file/K%26S%20-%20Let's%20Nacho.mp3.mp3,215.14448979591836,0,0,213,K&S,Kapoor & Sons,2016,"Nucleya, Benny Dayal, Badshah",Hindi
365,KA - Yeh Bandhan Toh.mp3,Yeh Bandhan Toh,songs-file/KA%20-%20Yeh%20Bandhan%20Toh.mp3.mp3,336.9795918367347,0,0,214,KA,Karan Arjun,1995,"Alka Yagnik, Kumar Sanu, Udit Narayan",Hindi
366,KCK - Hey Ya!.mp3,Hey Ya!,songs-file/KCK%20-%20Hey%20Ya!.mp3.mp3,256.9866666666667,0,0,215,KCK,Karthik Calling Karthik,2010,"Loy Mendonsa, Shankar Mahadevan, Clinton Cerejo",Hindi
367,KCK - Uff Teri Adaa.mp3,Uff Teri Adaa,songs-file/KCK%20-%20Uff%20Teri%20Adaa.mp3.mp3,306.08,0,0,215,KCK,Karthik Calling Karthik,2010,"Alyssa Mendonsa, Shankar Mahadevan",Hindi
368,KARZ - Lut Jaaon Lut Jaaon.mp3,Lut Jaaon Lut Jaaon,songs-file/KARZ%20-%20Lut%20Jaaon%20Lut%20Jaaon.mp3.mp3,336.38933333333335,0,0,216,KARZ,Karzzzz,2008,Himesh Reshammiya,Hindi
369,KB - Sau Aasoon.mp3,Sau Aasoon,songs-file/KB%20-%20Sau%20Aasoon.mp3.mp3,341.52489795918365,0,0,217,KB,Katti Batti,2015,"Rasika Shekhar, Shankar Mahadevan",Hindi
370,KSRI - Ve Maahi.mp3,Ve Maahi,songs-file/KSRI%20-%20Ve%20Maahi.mp3.mp3,224.1032,0,0,218,KSRI,Kesari,2019,"Asees Kaur, Arijit Singh",Hindi
371,KN - Khal Nayak Hoon Main.mp3,Khal Nayak Hoon Main,songs-file/KN%20-%20Khal%20Nayak%20Hoon%20Main.mp3.mp3,467.01714285714286,0,0,219,KN,Khal Nayak,1993,"Vinod Rathod, Kavita Krishnamurthy",Hindi
372,KMSIY - Baatein Ye Kabhi Na.mp3,Baatein Ye Kabhi Na,songs-file/KMSIY%20-%20Baatein%20Ye%20Kabhi%20Na.mp3.mp3,289.0419954648526,0,0,220,KMSIY,Khamoshiyan,2015,Arijit Singh,Hindi
373,KMSIY - Khamoshiyan.mp3,Khamoshiyan,songs-file/KMSIY%20-%20Khamoshiyan.mp3.mp3,335.781175,0,0,220,KMSIY,Khamoshiyan,2015,Arijit Singh,Hindi
374,KMSIY - Tu Har Lamha.mp3,Tu Har Lamha,songs-file/KMSIY%20-%20Tu%20Har%20Lamha.mp3.mp3,272.90122448979594,0,0,220,KMSIY,Khamoshiyan,2015,"Arijit Singh, Bobby-Imran",Hindi
375,KM - Sajde.mp3,Sajde,songs-file/KM%20-%20Sajde.mp3.mp3,307.62666666666667,0,0,221,KM,Khatta Meetha,2010,"Sunidhi Chauhan, KK",Hindi
376,K7 - Hookah Bar.mp3,Hookah Bar,songs-file/K7%20-%20Hookah%20Bar.mp3.mp3,254.82448979591837,0,0,222,K7,Khiladi 786,2012,"Aaman Trikha, Vinit Singh, Himesh Reshammiya",Hindi
377,K7 - Lonely.mp3,Lonely,songs-file/K7%20-%20Lonely.mp3.mp3,248.63879166666666,0,0,222,K7,Khiladi 786,2012,"Hamsika Iyer, Yo Yo Honey Singh, Himesh Reshammiya",Hindi
378,K7 - Long Drive.mp3,Long Drive,songs-file/K7%20-%20Long%20Drive.mp3.mp3,268.90979166666665,0,0,222,K7,Khiladi 786,2012,Mika Singh,Hindi
379,K&K - High Heels.mp3,High Heels,songs-file/K%26K%20-%20High%20Heels.mp3.mp3,212.6922,0,0,223,K&K,Ki & Ka,2016,"Aditi Singh Sharma, Jaz Dhami, Meet Bros, Yo Yo Honey Singh",Hindi
380,KICK - Hangover.mp3,Hangover,songs-file/KICK%20-%20Hangover.mp3.mp3,375.551768707483,0,0,224,KICK,Kick,2014,"Shreya Ghoshal, Meet Bros, Salman Khan",Hindi
381,KICK - Tu Hi Tu.mp3,Tu Hi Tu,songs-file/KICK%20-%20Tu%20Hi%20Tu.mp3.mp3,330.10938775510203,0,0,224,KICK,Kick,2014,Neeti Mohan,Hindi
382,KKPK - Samandar.mp3,Samandar,songs-file/KKPK%20-%20Samandar.mp3.mp3,323.10857142857145,0,0,225,KKPK,Kis Kisko Pyaar Karoon,2015,"Shreya Ghoshal, Jubin Nautiyal",Hindi
383,KK - Bakhuda Tumhi Ho.mp3,Bakhuda Tumhi Ho,songs-file/KK%20-%20Bakhuda%20Tumhi%20Ho.mp3.mp3,292.58933333333334,0,0,226,KK,Kismat Konnection,2008,"Alka Yagnik, Atif Aslam",Hindi
384,KK - Is This Love (Kahin Na Laage).mp3,Is This Love (Kahin Na Laage),songs-file/KK%20-%20Is%20This%20Love%20(Kahin%20Na%20Laage).mp3.mp3,329.3333333333333,0,0,226,KK,Kismat Konnection,2008,Mohit Chauhan,Hindi
385,KTWP - Woh Kisna Hai.mp3,Woh Kisna Hai,songs-file/KTWP%20-%20Woh%20Kisna%20Hai.mp3.mp3,341.0808163265306,0,0,227,KTWP,Kisna: The Warrior Poet,2005,"Sukhwinder Singh, Ayesha Darbar, S. Shailaja",Hindi
386,KTES - Dil Kyun Yeh Mera.mp3,Dil Kyun Yeh Mera,songs-file/KTES%20-%20Dil%20Kyun%20Yeh%20Mera.mp3.mp3,335.14666666666665,0,0,228,KTES,Kites,2010,KK,Hindi
387,KTES - Zindagi Do Pal Ki.mp3,Zindagi Do Pal Ki,songs-file/KTES%20-%20Zindagi%20Do%20Pal%20Ki.mp3.mp3,256.1066666666667,0,0,228,KTES,Kites,2010,KK,Hindi
388,KRSH - Pyar Ki Ek Kahani.mp3,Pyar Ki Ek Kahani,songs-file/KRSH%20-%20Pyar%20Ki%20Ek%20Kahani.mp3.mp3,388.76225,0,0,229,KRSH,Krrish,2006,"Shreya Ghoshal, Sonu Nigam",Hindi
389,K3 - Dil Tu Hi Bataa.mp3,Dil Tu Hi Bataa,songs-file/K3%20-%20Dil%20Tu%20Hi%20Bataa.mp3.mp3,400.465125,0,0,230,K3,Krrish 3,2013,"Alisha Chinai, Zubeen Garg",Hindi
390,KTH - Ding Dong.mp3,Ding Dong,songs-file/KTH%20-%20Ding%20Dong.mp3.mp3,406.546875,0,0,231,KTH,Kucch To Hai,2003,"Sunidhi Chauhan, KK, Anu Malik",Hindi
391,KKHH - Saajanji Ghar Aaye.mp3,Saajanji Ghar Aaye,songs-file/KKHH%20-%20Saajanji%20Ghar%20Aaye.mp3.mp3,436.7230625,0,0,232,KKHH,Kuch Kuch Hota Hai,1998,"Alka Yagnik, Kumar Sanu, Kavita Krishnamurthy",Hindi
392,K - Kurbaan Hua.mp3,Kurbaan Hua,songs-file/K%20-%20Kurbaan%20Hua.mp3.mp3,259.4481632653061,0,0,233,K,Kurbaan,2009,Salim-Sulaiman,Hindi
393,K - Shukran Allah.mp3,Shukran Allah,songs-file/K%20-%20Shukran%20Allah.mp3.mp3,290.05333333333334,0,0,233,K,Kurbaan,2009,"Shreya Ghoshal, Sonu Nigam, Salim Merchant",Hindi
394,LvRB - Aadat Se Majboor.mp3,Aadat Se Majboor,songs-file/LvRB%20-%20Aadat%20Se%20Majboor.mp3.mp3,277.34780045351476,0,0,234,LvRB,Ladies vs Ricky Bahl,2011,"Benny Dayal, Ranveer Singh",Hindi
395,LGAN - Radha Kaise Na Jale.mp3,Radha Kaise Na Jale,songs-file/LGAN%20-%20Radha%20Kaise%20Na%20Jale.mp3.mp3,334.6888125,0,0,235,LGAN,Lagaan,2001,"Asha Bhosle, Udit Narayan",Hindi
396,LKSY - Main Aisa Kyon Hoon.mp3,Main Aisa Kyon Hoon,songs-file/LKSY%20-%20Main%20Aisa%20Kyon%20Hoon.mp3.mp3,274.81455,0,0,236,LKSY,Lakshya,2004,Shaan,Hindi
397,LTAL - My Heart Will Go On.mp3,My Heart Will Go On,songs-file/LTAL%20-%20My%20Heart%20Will%20Go%20On.mp3.mp3,279.79755102040815,0,0,237,LTAL,Let's Talk About Love,1997,Celine Dion,English
398,L - Sawaar Loon.mp3,Sawaar Loon,songs-file/L%20-%20Sawaar%20Loon.mp3.mp3,255.0912244897959,0,0,238,L,Lootera,2013,Monali Thakur,Hindi
399,LAK - Ajj Din Chadheya.mp3,Ajj Din Chadheya,songs-file/LAK%20-%20Ajj%20Din%20Chadheya.mp3.mp3,317.3387,0,0,239,LAK,Love Aaj Kal,2009,Rahat Fateh Ali Khan,Hindi
400,LAK - Dooriyan.mp3,Dooriyan,songs-file/LAK%20-%20Dooriyan.mp3.mp3,337.36,0,0,239,LAK,Love Aaj Kal,2009,Mohit Chauhan,Hindi
401,LAK - Twist.mp3,Twist,songs-file/LAK%20-%20Twist.mp3.mp3,301.534625,0,0,239,LAK,Love Aaj Kal,2009,Neeraj Shridhar,Hindi
402,LUCK - Khudaya Ve.mp3,Khudaya Ve,songs-file/LUCK%20-%20Khudaya%20Ve.mp3.mp3,322.92678004535145,0,0,240,LUCK,Luck,2009,Salim Merchant,Hindi
403,LNTfL - Sun Zara.mp3,Sun Zara,songs-file/LNTfL%20-%20Sun%20Zara.mp3.mp3,366.819375,0,0,241,LNTfL,Lucky: No Time for Love,2005,Sonu Nigam,Hindi
404,MAMR - Yaar Bina Chain Kahan Re.mp3,Yaar Bina Chain Kahan Re,songs-file/MAMR%20-%20Yaar%20Bina%20Chain%20Kahan%20Re.mp3.mp3,280.3219954648526,0,0,242,MAMR,Main Aur Mr. Riight,2014,"Bappi Lahiri, Hema Sardesai",Hindi
405,MHN - Gori Gori.mp3,Gori Gori,songs-file/MHN%20-%20Gori%20Gori.mp3.mp3,269.9835,0,0,243,MHN,Main Hoon Na,2004,"Shreya Ghoshal, Sunidhi Chauhan, KK, Anu Malik",Hindi
406,MHN - Main Hoon Na.mp3,Main Hoon Na,songs-file/MHN%20-%20Main%20Hoon%20Na.mp3.mp3,360.680625,0,0,243,MHN,Main Hoon Na,2004,"Shreya Ghoshal, Sonu Nigam",Hindi
407,MHN - Tumse Milke Dil Ka.mp3,Tumse Milke Dil Ka,songs-file/MHN%20-%20Tumse%20Milke%20Dil%20Ka.mp3.mp3,359.369725,0,0,243,MHN,Main Hoon Na,2004,"Sonu Nigam, Anu Malik, Altaf Sabri",Hindi
408,MTH - Galat Baat Hai.mp3,Galat Baat Hai,songs-file/MTH%20-%20Galat%20Baat%20Hai.mp3.mp3,259.6267800453515,0,0,244,MTH,Main Tera Hero,2014,"Neeti Mohan, Javed Ali",Hindi
409,MTH - Palat - Tera Hero Idhar Hai.mp3,Palat - Tera Hero Idhar Hai,songs-file/MTH%20-%20Palat%20-%20Tera%20Hero%20Idhar%20Hai.mp3.mp3,270.6760090702948,0,0,244,MTH,Main Tera Hero,2014,Arijit Singh,Hindi
410,MDTD - Thoda Sa Pyar Hua Hai.mp3,Thoda Sa Pyar Hua Hai,songs-file/MDTD%20-%20Thoda%20Sa%20Pyar%20Hua%20Hai.mp3.mp3,292.4749375,0,0,245,MDTD,Maine Dil Tujhko Diya,2002,"Alka Yagnik, Udit Narayan",Hindi
411,MKDE - Din Chadta Hai Dar Lagta Hai.mp3,Din Chadta Hai Dar Lagta Hai,songs-file/MKDE%20-%20Din%20Chadta%20Hai%20Dar%20Lagta%20Hai.mp3.mp3,310.296,0,0,246,MKDE,Makdee,2002,Shweta Prasad,Hindi
412,MKDE - O Pappad Wale Panga Na Le.mp3,O Pappad Wale Panga Na Le,songs-file/MKDE%20-%20O%20Pappad%20Wale%20Panga%20Na%20Le.mp3.mp3,195.792,0,0,246,MKDE,Makdee,2002,"Upagna Pandya, Alaap Majgavkar",Hindi
413,MANN - Chaha Hai Tujhko.mp3,Chaha Hai Tujhko,songs-file/MANN%20-%20Chaha%20Hai%20Tujhko.mp3.mp3,274.4504375,0,0,247,MANN,Mann,1999,"Anuradha Paudwal, Udit Narayan",Hindi
414,M - Happier.mp3,Happier,songs-file/M%20-%20Happier.mp3.mp3,233.2632,0,0,248,M,Marshmello,2015,"Marshmello, Bastille",English
415,M - You & Me.mp3,You & Me,songs-file/M%20-%20You%20%26%20Me.mp3.mp3,191.3232,0,0,248,M,Marshmello,2015,Marshmello,English
416,MSOM - Tujhse Naraaz Nahin Zindagi.mp3,Tujhse Naraaz Nahin Zindagi,songs-file/MSOM%20-%20Tujhse%20Naraaz%20Nahin%20Zindagi.mp3.mp3,217.11238095238096,0,0,249,MSOM,Masoom,1982,Lata Mangeshkar,Hindi
417,MUSM - Rabba Main Toh Mar Gaya Oye.mp3,Rabba Main Toh Mar Gaya Oye,songs-file/MUSM%20-%20Rabba%20Main%20Toh%20Mar%20Gaya%20Oye.mp3.mp3,270.93333333333334,0,0,250,MUSM,Mausam,2011,Shahid Mallya,Hindi
418,MRMA - Mehrma.mp3,Mehrma,songs-file/MRMA%20-%20Mehrma.mp3.mp3,231.056275,0,0,251,MRMA,Mehrma,2014,"Sam Sandhu, Yo Yo Honey Singh",Hindi
419,MBKD - Dhunki.mp3,Dhunki,songs-file/MBKD%20-%20Dhunki.mp3.mp3,257.2266666666667,0,0,252,MBKD,Mere Brother Ki Dulhan,2011,Neha Bhasin,Hindi
420,MBKD - Isq Risk.mp3,Isq Risk,songs-file/MBKD%20-%20Isq%20Risk.mp3.mp3,294.68,0,0,252,MBKD,Mere Brother Ki Dulhan,2011,Rahat Fateh Ali Khan,Hindi
421,MJS - O Mere Dil Ke Chain.mp3,O Mere Dil Ke Chain,songs-file/MJS%20-%20O%20Mere%20Dil%20Ke%20Chain.mp3.mp3,278.0,0,0,253,MJS,Mere Jeevan Saathi,1972,Kishore Kumar,Hindi
422,MN - Mere Nishaan.mp3,Mere Nishaan,songs-file/MN%20-%20Mere%20Nishaan.mp3.mp3,250.3919954648526,0,0,254,MN,Mere Nishaan,2015,Darshan Raval,Hindi
423,MYKSH - Mere Yaar Ki Shaadi Hai.mp3,Mere Yaar Ki Shaadi Hai,songs-file/MYKSH%20-%20Mere%20Yaar%20Ki%20Shaadi%20Hai.mp3.mp3,391.452875,0,0,255,MYKSH,Mere Yaar Ki Shaadi Hai,2002,Jeet Ganguly,Hindi
424,MS - Something Something.mp3,Something Something,songs-file/MS%20-%20Something%20Something.mp3.mp3,292.0489795918367,0,0,256,MS,Mika Singh,2006,Mika Singh,Hindi
425,MILN - Sawan Ka Mahina.mp3,Sawan Ka Mahina,songs-file/MILN%20-%20Sawan%20Ka%20Mahina.mp3.mp3,325.00798185941045,0,0,257,MILN,Milan,1967,"Lata Mangeshkar, Mukesh",Hindi
426,MDK - Andekhi Anjaani.mp3,Andekhi Anjaani,songs-file/MDK%20-%20Andekhi%20Anjaani.mp3.mp3,376.9810625,0,0,258,MDK,Mujhse Dosti Karoge!,2002,"Lata Mangeshkar, Udit Narayan",Hindi
427,MSK - Aaja Soniye.mp3,Aaja Soniye,songs-file/MSK%20-%20Aaja%20Soniye.mp3.mp3,298.3524375,0,0,259,MSK,Mujhse Shaadi Karogi,2004,"Sonu Nigam, Alka Yagnik",Hindi
428,MSK - Jeene Ke Hain Chaar Din.mp3,Jeene Ke Hain Chaar Din,songs-file/MSK%20-%20Jeene%20Ke%20Hain%20Chaar%20Din.mp3.mp3,321.4969375,0,0,259,MSK,Mujhse Shaadi Karogi,2004,"Sonu Nigam, Sunidhi Chauhan",Hindi
429,MSK - Lal Dupatta.mp3,Lal Dupatta,songs-file/MSK%20-%20Lal%20Dupatta.mp3.mp3,314.69714285714286,0,0,259,MSK,Mujhse Shaadi Karogi,2004,"Alka Yagnik, Udit Narayan",Hindi
430,MKS - O Saathi Re.mp3,O Saathi Re,songs-file/MKS%20-%20O%20Saathi%20Re.mp3.mp3,270.4536875,0,0,260,MKS,Muqaddar Ka Sikandar,1978,Kishore Kumar,Hindi
431,M3 - Teri Jhuki Nazar.mp3,Teri Jhuki Nazar,songs-file/M3%20-%20Teri%20Jhuki%20Nazar.mp3.mp3,279.3614375,0,0,261,M3,Murder 3,2013,Shafqat Amanat Ali,Hindi
432,MNIK - Sajda.mp3,Sajda,songs-file/MNIK%20-%20Sajda.mp3.mp3,365.879,0,0,262,MNIK,My Name Is Khan,2010,Shankar Mahadevan,Hindi
433,NOKA - Destiny.mp3,Destiny,songs-file/NOKA%20-%20Destiny.mp3.mp3,20.140408163265306,0,0,263,NOKA,NOKIA,1994,NOKIA,Ringtone
434,NOKA - Soulful.mp3,Soulful,songs-file/NOKA%20-%20Soulful.mp3.mp3,19.04326530612245,0,0,263,NOKA,NOKIA,1994,NOKIA,Ringtone
435,NAAH - Naah.mp3,Naah,songs-file/NAAH%20-%20Naah.mp3.mp3,190.0408163265306,0,0,264,NAAH,Naah,2017,Harrdy Sandhu,Hindi
436,NAAM - Tu Kal Chala Jayega.mp3,Tu Kal Chala Jayega,songs-file/NAAM%20-%20Tu%20Kal%20Chala%20Jayega.mp3.mp3,368.59575,0,0,265,NAAM,Naam,1986,"Manhar Udhas, Mohammed Aziz",Hindi
437,NMKRN - Lori.mp3,Lori,songs-file/NMKRN%20-%20Lori.mp3.mp3,299.1542857142857,0,0,266,NMKRN,Naamkarann,2015,Avni and Asha,Hindi
438,NKP - Kaun Disha Mein Leke Chala.mp3,Kaun Disha Mein Leke Chala,songs-file/NKP%20-%20Kaun%20Disha%20Mein%20Leke%20Chala.mp3.mp3,412.08,0,0,267,NKP,Nadiya Ke Paar,1982,"Hemlata, Jaspal Singh",Hindi
439,NE - Proper Patola.mp3,Proper Patola,songs-file/NE%20-%20Proper%20Patola.mp3.mp3,150.64,0,0,268,NE,Namaste England,2018,Diljit Dosanjh,Hindi
440,NQAB - Ek Din Teri Raahon.mp3,Ek Din Teri Raahon,songs-file/NQAB%20-%20Ek%20Din%20Teri%20Raahon.mp3.mp3,292.0,0,0,269,NQAB,Naqaab,2007,Javed Ali,Hindi
441,NWBZD - High Rated Gabru.mp3,High Rated Gabru,songs-file/NWBZD%20-%20High%20Rated%20Gabru.mp3.mp3,214.0212244897959,0,0,270,NWBZD,Nawabzaade,2018,Guru Randhawa,Hindi
442,NK - Aaja Tujhko Pukare Mera Pyar.mp3,Aaja Tujhko Pukare Mera Pyar,songs-file/NK%20-%20Aaja%20Tujhko%20Pukare%20Mera%20Pyar.mp3.mp3,328.771625,0,0,271,NK,Neel Kamal,1968,Mohammed Rafi,Hindi
443,NY - Hai Junoon.mp3,Hai Junoon,songs-file/NY%20-%20Hai%20Junoon.mp3.mp3,333.17333333333335,0,0,272,NY,New York,2009,KK,Hindi
444,NCTN - Falling.mp3,Falling,songs-file/NCTN%20-%20Falling.mp3.mp3,159.40533333333335,0,0,273,NCTN,Nicotine,2020,Trevor Daniel,English
445,N - Aaja Re O Mere Dilbar Aaja.mp3,Aaja Re O Mere Dilbar Aaja,songs-file/N%20-%20Aaja%20Re%20O%20Mere%20Dilbar%20Aaja.mp3.mp3,452.304,0,0,274,N,Noorie,1979,"Nitin Mukesh, Lata Mangeshkar",Hindi
446,OOMG - Go Go Govinda.mp3,Go Go Govinda,songs-file/OOMG%20-%20Go%20Go%20Govinda.mp3.mp3,306.07673469387754,0,0,275,OOMG,OMG: Oh My God!,2012,"Shreya Ghoshal, Mika Singh",Hindi
447,OJ - The Humma Song.mp3,The Humma Song,songs-file/OJ%20-%20The%20Humma%20Song.mp3.mp3,179.72565,0,0,276,OJ,Ok Jaanu,2017,A. R. Rahman,Hindi
448,OSO - Ankhon Mein Teri.mp3,Ankhon Mein Teri,songs-file/OSO%20-%20Ankhon%20Mein%20Teri.mp3.mp3,243.66666666666666,0,0,277,OSO,Om Shanti Om,2007,KK,Hindi
449,OSO - Jag Soona Soona Lage.mp3,Jag Soona Soona Lage,songs-file/OSO%20-%20Jag%20Soona%20Soona%20Lage.mp3.mp3,329.4292290249433,0,0,277,OSO,Om Shanti Om,2007,"Rahat Fateh Ali Khan, Richa Sharma",Hindi
450,OSO - Main Agar Kahoon.mp3,Main Agar Kahoon,songs-file/OSO%20-%20Main%20Agar%20Kahoon.mp3.mp3,310.14666666666665,0,0,277,OSO,Om Shanti Om,2007,"Shreya Ghoshal, Sonu Nigam",Hindi
451,O&O - On & On.mp3,On & On,songs-file/O%26O%20-%20On%20%26%20On.mp3.mp3,208.0130612244898,0,0,278,O&O,On & On,2015,Cartoon,English
452,OUaTiM - Pee Loon.mp3,Pee Loon,songs-file/OUaTiM%20-%20Pee%20Loon.mp3.mp3,288.28,0,0,279,OUaTiM,Once Upon a Time in Mumbai,2010,Mohit Chauhan,Hindi
453,OUaTiM - Tum Jo Aaye.mp3,Tum Jo Aaye,songs-file/OUaTiM%20-%20Tum%20Jo%20Aaye.mp3.mp3,288.4533333333333,0,0,279,OUaTiM,Once Upon a Time in Mumbai,2010,"Rahat Fateh Ali Khan, Tulsi Kumar",Hindi
454,OFV2 - Hips Don't Lie.mp3,Hips Don't Lie,songs-file/OFV2%20-%20Hips%20Don't%20Lie.mp3.mp3,218.98448979591836,0,0,280,OFV2,Oral Fixation Vol. 2,2005,Shakira,English
455,PK - Chaar Kadam.mp3,Chaar Kadam,songs-file/PK%20-%20Chaar%20Kadam.mp3.mp3,242.733,0,0,281,PK,PK,2014,"Shreya Ghoshal, Shaan",Hindi
456,PTSLA - Aye Khuda.mp3,Aye Khuda,songs-file/PTSLA%20-%20Aye%20Khuda.mp3.mp3,282.76,0,0,282,PTSLA,Paathshaala,2010,Salim Merchant,Hindi
457,PTSLA - Bekarar (Remix).mp3,Bekarar (Remix),songs-file/PTSLA%20-%20Bekarar%20(Remix).mp3.mp3,246.5233125,0,0,282,PTSLA,Paathshaala,2010,Lucky Ali,Hindi
458,PTSLA - Bekarar.mp3,Bekarar,songs-file/PTSLA%20-%20Bekarar.mp3.mp3,264.04,0,0,282,PTSLA,Paathshaala,2010,Lucky Ali,Hindi
459,PDMN - Aaj Se Teri.mp3,Aaj Se Teri,songs-file/PDMN%20-%20Aaj%20Se%20Teri.mp3.mp3,312.24163265306123,0,0,283,PDMN,Pad Man,2018,Arijit Singh,Hindi
460,PDOSN - Main Chali Main Chali.mp3,Main Chali Main Chali,songs-file/PDOSN%20-%20Main%20Chali%20Main%20Chali.mp3.mp3,304.64,0,0,284,PDOSN,Padosan,1968,"Lata Mangeshkar, Mohammed Rafi",Hindi
461,PDOSN - Mere Samne Wali Khidki.mp3,Mere Samne Wali Khidki,songs-file/PDOSN%20-%20Mere%20Samne%20Wali%20Khidki.mp3.mp3,169.0463125,0,0,284,PDOSN,Padosan,1968,Kishore Kumar,Hindi
462,PAL - Pyaar Ke Pal.mp3,Pyaar Ke Pal,songs-file/PAL%20-%20Pyaar%20Ke%20Pal.mp3.mp3,364.2,0,0,285,PAL,Pal,1999,KK,Hindi
463,PRDS - Meri Mehbooba.mp3,Meri Mehbooba,songs-file/PRDS%20-%20Meri%20Mehbooba.mp3.mp3,416.0261224489796,0,0,286,PRDS,Pardes,1997,"Alka Yagnik, Kumar Sanu",Hindi
464,PRDS - Yeh Dil Deewana.mp3,Yeh Dil Deewana,songs-file/PRDS%20-%20Yeh%20Dil%20Deewana.mp3.mp3,426.5273469387755,0,0,286,PRDS,Pardes,1997,"Sonu Nigam, Hema Sardesai, Shankar Mahadevan",Hindi
465,PPNH - Hey Mr. DJ.mp3,Hey Mr. DJ,songs-file/PPNH%20-%20Hey%20Mr.%20DJ.mp3.mp3,266.9714285714286,0,0,287,PPNH,Phata Poster Nikhla Hero,2013,Benny Dayal,Hindi
466,PPNH - Main Rang Sharbaton Ka.mp3,Main Rang Sharbaton Ka,songs-file/PPNH%20-%20Main%20Rang%20Sharbaton%20Ka.mp3.mp3,263.1521768707483,0,0,287,PPNH,Phata Poster Nikhla Hero,2013,"Chinmayi, Atif Aslam",Hindi
467,PPNH - Mere Bina Tu.mp3,Mere Bina Tu,songs-file/PPNH%20-%20Mere%20Bina%20Tu.mp3.mp3,262.7736875,0,0,287,PPNH,Phata Poster Nikhla Hero,2013,"Rahat Fateh Ali Khan, Harshdeep Kaur",Hindi
468,P - Exotic.mp3,Exotic,songs-file/P%20-%20Exotic.mp3.mp3,246.1082993197279,0,0,288,P,Pitbull,2004,"Pitbull, Priyanka Chopra",English
469,P - Give Me Everything.mp3,Give Me Everything,songs-file/P%20-%20Give%20Me%20Everything.mp3.mp3,266.3232,0,0,288,P,Pitbull,2004,Pitbull,English
470,P - On The Floor.mp3,On The Floor,songs-file/P%20-%20On%20The%20Floor.mp3.mp3,266.3832,0,0,288,P,Pitbull,2004,"Pitbull, Jennifer Lopez",English
471,P - Rain Over Me.mp3,Rain Over Me,songs-file/P%20-%20Rain%20Over%20Me.mp3.mp3,233.87428571428572,0,0,288,P,Pitbull,2004,Pitbull,English
472,PM - Sunflower.mp3,Sunflower,songs-file/PM%20-%20Sunflower.mp3.mp3,161.6832,0,0,289,PM,Post Malone,2011,"Post Malone, Swae Lee",English
473,PG - Hothon Se Chhu Lo Tum.mp3,Hothon Se Chhu Lo Tum,songs-file/PG%20-%20Hothon%20Se%20Chhu%20Lo%20Tum.mp3.mp3,296.2133333333333,0,0,290,PG,Prem Geet,1981,Jagjit Singh,Hindi
474,PRDP - Aaj Unse Milna Hai.mp3,Aaj Unse Milna Hai,songs-file/PRDP%20-%20Aaj%20Unse%20Milna%20Hai.mp3.mp3,243.83015,0,0,291,PRDP,Prem Ratan Dhan Payo,2015,Shaan,Hindi
475,PRDP - Halo Re.mp3,Halo Re,songs-file/PRDP%20-%20Halo%20Re.mp3.mp3,198.716675,0,0,291,PRDP,Prem Ratan Dhan Payo,2015,Aaman Trikha,Hindi
476,PRDP - Jalte Diye.mp3,Jalte Diye,songs-file/PRDP%20-%20Jalte%20Diye.mp3.mp3,336.58775510204083,0,0,291,PRDP,Prem Ratan Dhan Payo,2015,"Anweshaa, Harshdeep Kaur, Shabab Sabri, Vinit Singh",Hindi
477,PRDP - Murli Ki Taanon Si.mp3,Murli Ki Taanon Si,songs-file/PRDP%20-%20Murli%20Ki%20Taanon%20Si.mp3.mp3,90.12244897959184,0,0,291,PRDP,Prem Ratan Dhan Payo,2015,Shaan,Hindi
478,PRDP - Prem Leela.mp3,Prem Leela,songs-file/PRDP%20-%20Prem%20Leela.mp3.mp3,221.73055,0,0,291,PRDP,Prem Ratan Dhan Payo,2015,"Aaman Trikha, Vinit Singh",Hindi
479,PRDP - Prem Ratan Dhan Payo.mp3,Prem Ratan Dhan Payo,songs-file/PRDP%20-%20Prem%20Ratan%20Dhan%20Payo.mp3.mp3,319.4024,0,0,291,PRDP,Prem Ratan Dhan Payo,2015,Palak Muchhal,Hindi
480,PRNC - Aa Bhi Jaa Sanam.mp3,Aa Bhi Jaa Sanam,songs-file/PRNC%20-%20Aa%20Bhi%20Jaa%20Sanam.mp3.mp3,192.84,0,0,292,PRNC,Prince,2010,Atif Aslam,Hindi
481,PRNC - O Mere Khuda.mp3,O Mere Khuda,songs-file/PRNC%20-%20O%20Mere%20Khuda.mp3.mp3,202.76565,0,0,292,PRNC,Prince,2010,"Garima Jhingon, Atif Aslam",Hindi
482,PRNC - Tere Liye - Unplugged.mp3,Tere Liye - Unplugged,songs-file/PRNC%20-%20Tere%20Liye%20-%20Unplugged.mp3.mp3,223.0073469387755,0,0,292,PRNC,Prince,2010,Sachin Gupta,Hindi
483,PRNC - Tere Liye.mp3,Tere Liye,songs-file/PRNC%20-%20Tere%20Liye.mp3.mp3,277.29333333333335,0,0,292,PRNC,Prince,2010,"Shreya Ghoshal, Atif Aslam",Hindi
484,P6(RP1 - Gangnam Style.mp3,Gangnam Style,songs-file/P6(RP1%20-%20Gangnam%20Style.mp3.mp3,219.3124716553288,0,0,293,P6(RP1,"Psy 6 (Six Rules), Part 1",2012,PSY,Korean
485,PMKK - Woh Pehli Baa.mp3,Woh Pehli Baa,songs-file/PMKK%20-%20Woh%20Pehli%20Baa.mp3.mp3,271.88244897959186,0,0,294,PMKK,Pyaar Mein Kabhi Kabhi,1999,Shaan,Hindi
486,Q - London Thumakda.mp3,London Thumakda,songs-file/Q%20-%20London%20Thumakda.mp3.mp3,230.46848072562358,0,0,295,Q,Queen,2013,"Neha Kakkar, Labh Janjua, Sonu Kakkar",Hindi
487,QRBNI - Kya Dekhte Ho.mp3,Kya Dekhte Ho,songs-file/QRBNI%20-%20Kya%20Dekhte%20Ho.mp3.mp3,278.739625,0,0,296,QRBNI,Qurbani,1980,"Asha Bhosle, Kalyanji-Anandji, Mohammed Rafi",Hindi
488,RR - Dhokha Dhadi.mp3,Dhokha Dhadi,songs-file/RR%20-%20Dhokha%20Dhadi.mp3.mp3,248.9991836734694,0,0,297,RR,R... Rajkumar,2013,"Arijit Singh, Palak Muchhal",Hindi
489,RONE - Bhare Naina.mp3,Bhare Naina,songs-file/RONE%20-%20Bhare%20Naina.mp3.mp3,360.55233560090704,0,0,298,RONE,Ra.One,2011,"Vishal Dadlani, Shekhar Ravjiani, Nandini Srikar",Hindi
490,RONE - Chammak Challo.mp3,Chammak Challo,songs-file/RONE%20-%20Chammak%20Challo.mp3.mp3,227.2634013605442,0,0,298,RONE,Ra.One,2011,"Akon, Hamsika Iyer",Hindi
491,RONE - Criminal.mp3,Criminal,songs-file/RONE%20-%20Criminal.mp3.mp3,306.49294784580496,0,0,298,RONE,Ra.One,2011,"Akon, Vishal Dadlani, Shruti Pathak",Hindi
492,RONE - Dildaara (Stand by Me).mp3,Dildaara (Stand by Me),songs-file/RONE%20-%20Dildaara%20(Stand%20by%20Me).mp3.mp3,250.18839002267575,0,0,298,RONE,Ra.One,2011,Shafqat Amanat Ali,Hindi
493,RONE - Raftaarein.mp3,Raftaarein,songs-file/RONE%20-%20Raftaarein.mp3.mp3,271.6484126984127,0,0,298,RONE,Ra.One,2011,"Vishal Dadlani, Shekhar Ravjiani",Hindi
494,RABTA - Ik Vaari Aa.mp3,Ik Vaari Aa,songs-file/RABTA%20-%20Ik%20Vaari%20Aa.mp3.mp3,274.759125,0,0,299,RABTA,Raabta,2017,Arijit Singh,Hindi
495,RJNITI - Bheegi Si Bhaagi Si.mp3,Bheegi Si Bhaagi Si,songs-file/RJNITI%20-%20Bheegi%20Si%20Bhaagi%20Si.mp3.mp3,277.37333333333333,0,0,300,RJNITI,Raajneeti,2010,"Mohit Chauhan, Pritam Chakraborty, Antara Mitra",Hindi
496,RJNITI - Mora Piya.mp3,Mora Piya,songs-file/RJNITI%20-%20Mora%20Piya.mp3.mp3,344.8504375,0,0,300,RJNITI,Raajneeti,2010,Aadesh Shrivastava,Hindi
497,RNJHN - Agar Launda Saala.mp3,Agar Launda Saala,songs-file/RNJHN%20-%20Agar%20Launda%20Saala.mp3.mp3,25.08,0,0,301,RNJHN,Raanjhanaa,2013,Dhanush,Hindi
498,RNJHN - Raanjhanaa.mp3,Raanjhanaa,songs-file/RNJHN%20-%20Raanjhanaa.mp3.mp3,256.1567346938775,0,0,301,RNJHN,Raanjhanaa,2013,"Jasvinder Singh, Shiraz Uppal",Hindi
499,RNJHN - Tum Tak.mp3,Tum Tak,songs-file/RNJHN%20-%20Tum%20Tak.mp3.mp3,305.76,0,0,301,RNJHN,Raanjhanaa,2013,"Javed Ali, Keerthi Sagathia, Pooja Vaidyanath",Hindi
500,RAVN - Ranjha Ranjha.mp3,Ranjha Ranjha,songs-file/RAVN%20-%20Ranjha%20Ranjha.mp3.mp3,354.1420408163265,0,0,302,RAVN,Raavan,2010,"Javed Ali, Rekha Bhardwaj",Hindi
501,R - Jo Bhi Kasmein.mp3,Jo Bhi Kasmein,songs-file/R%20-%20Jo%20Bhi%20Kasmein.mp3.mp3,343.0138775510204,0,0,303,R,Raaz,2002,"Alka Yagnik, Udit Narayan",Hindi
502,R - Tum Agar Saamne.mp3,Tum Agar Saamne,songs-file/R%20-%20Tum%20Agar%20Saamne.mp3.mp3,346.07020408163265,0,0,303,R,Raaz,2002,"Alka Yagnik, Abhijeet Bhattacharya, Udit Narayan",Hindi
503,R3 - Deewana kar raha hai.mp3,Deewana kar raha hai,songs-file/R3%20-%20Deewana%20kar%20raha%20hai.mp3.mp3,273.51,0,0,304,R3,Raaz 3,2012,Javed Ali,Hindi
504,RTMC - Maahi.mp3,Maahi,songs-file/RTMC%20-%20Maahi.mp3.mp3,329.1066666666667,0,0,305,RTMC,Raaz: The Mystery Continues,2009,"Toshi, Shaarib",Hindi
505,RTMC - Soniyo.mp3,Soniyo,songs-file/RTMC%20-%20Soniyo.mp3.mp3,328.44,0,0,305,RTMC,Raaz: The Mystery Continues,2009,"Sonu Nigam, Shreya Ghoshal",Hindi
506,RNBDJ - Tujh Mein Rab Dikhta Hai.mp3,Tujh Mein Rab Dikhta Hai,songs-file/RNBDJ%20-%20Tujh%20Mein%20Rab%20Dikhta%20Hai.mp3.mp3,281.16,0,0,306,RNBDJ,Rab Ne Bana Di Jodi,2008,"Jay Kadn, Roopkumar Rathod",Hindi
507,RACE - Pehli Nazar Mein.mp3,Pehli Nazar Mein,songs-file/RACE%20-%20Pehli%20Nazar%20Mein.mp3.mp3,313.32,0,0,307,RACE,Race,2008,Atif Aslam,Hindi
508,R2 - Be Intehaan.mp3,Be Intehaan,songs-file/R2%20-%20Be%20Intehaan.mp3.mp3,290.867074829932,0,0,308,R2,Race 2,2013,Atif Aslam,Hindi
509,R2 - Lat Lag Gayee.mp3,Lat Lag Gayee,songs-file/R2%20-%20Lat%20Lag%20Gayee.mp3.mp3,310.2080625,0,0,308,R2,Race 2,2013,Benny Dayal,Hindi
510,R2 - Party on My Mind.mp3,Party on My Mind,songs-file/R2%20-%20Party%20on%20My%20Mind.mp3.mp3,221.20489795918368,0,0,308,R2,Race 2,2013,Yo Yo Honey Singh,Hindi
511,RAES - Zaalima.mp3,Zaalima,songs-file/RAES%20-%20Zaalima.mp3.mp3,299.3926,0,0,309,RAES,Raees,2017,"Arijit Singh, Harshdeep Kaur",Hindi
512,RM2 - Chaar Bottle Vodka.mp3,Chaar Bottle Vodka,songs-file/RM2%20-%20Chaar%20Bottle%20Vodka.mp3.mp3,225.83718820861677,0,0,310,RM2,Ragini MMS 2,2014,Yo Yo Honey Singh,Hindi
513,RD - Chaar Bottle Vodka (RDJ).mp3,Chaar Bottle Vodka (RDJ),songs-file/RD%20-%20Chaar%20Bottle%20Vodka%20(RDJ).mp3.mp3,245.7077551020408,0,0,311,RD,Rahul DJ,2014,Yo Yo Honey Singh,Hindi
514,RD - Ek Villain Mashup.mp3,Ek Villain Mashup,songs-file/RD%20-%20Ek%20Villain%20Mashup.mp3.mp3,267.79573696145127,0,0,311,RD,Rahul DJ,2014,Ankit Tiwari,Hindi
515,RH - Pardesi Pardesi.mp3,Pardesi Pardesi,songs-file/RH%20-%20Pardesi%20Pardesi.mp3.mp3,498.16041666666666,0,0,312,RH,Raja Hindustani,1996,"Alka Yagnik, Udit Narayan, Sapna Awasthi",Hindi
516,RN - Tere Hoke Rahengay.mp3,Tere Hoke Rahengay,songs-file/RN%20-%20Tere%20Hoke%20Rahengay.mp3.mp3,269.3485714285714,0,0,313,RN,Raja Natwarlal,2014,Shweta Pandit,Hindi
517,RN - Tere Hoke Rehengay.mp3,Tere Hoke Rehengay,songs-file/RN%20-%20Tere%20Hoke%20Rehengay.mp3.mp3,243.77469387755102,0,0,313,RN,Raja Natwarlal,2014,Arijit Singh,Hindi
518,RJKM - Paayal Meri.mp3,Paayal Meri,songs-file/RJKM%20-%20Paayal%20Meri.mp3.mp3,357.27673469387753,0,0,314,RJKM,Rajkumar,1996,Udit Narayan,Hindi
519,RL - Tera Naam Liya.mp3,Tera Naam Liya,songs-file/RL%20-%20Tera%20Naam%20Liya.mp3.mp3,358.7214375,0,0,315,RL,Ram Lakhan,1989,"Manhar Udhas, Anuradha Paudwal",Hindi
520,RV - Jeene Laga Hoon.mp3,Jeene Laga Hoon,songs-file/RV%20-%20Jeene%20Laga%20Hoon.mp3.mp3,231.71192743764172,0,0,316,RV,Ramaiya Vastavaiya,2013,"Shreya Ghoshal, Atif Aslam",Hindi
521,RDB - Paathshala.mp3,Paathshala,songs-file/RDB%20-%20Paathshala.mp3.mp3,219.89877551020408,0,0,317,RDB,Rang De Basanti,2006,"Mohammed Aslam, Naresh Iyer",Hindi
522,RDB - Roobaroo.mp3,Roobaroo,songs-file/RDB%20-%20Roobaroo.mp3.mp3,283.1934693877551,0,0,317,RDB,Rang De Basanti,2006,"A. R. Rahman, Naresh Iyer",Hindi
523,REDY - Humko Pyar Hua.mp3,Humko Pyar Hua,songs-file/REDY%20-%20Humko%20Pyar%20Hua.mp3.mp3,328.4926984126984,0,0,318,REDY,Ready,2011,"Tulsi Kumar, KK",Hindi
524,RKSTR - Tum Ho.mp3,Tum Ho,songs-file/RKSTR%20-%20Tum%20Ho.mp3.mp3,318.50666666666666,0,0,319,RKSTR,Rockstar,2011,"Mohit Chauhan, Suzanne D'Mello",Hindi
525,ROME - Dil Lutiya.mp3,Dil Lutiya,songs-file/ROME%20-%20Dil%20Lutiya.mp3.mp3,262.896325,0,0,320,ROME,Romeo,2005,Jazzy B,Hindi
526,ROY - Chittiyaan Kalaiyaan.mp3,Chittiyaan Kalaiyaan,songs-file/ROY%20-%20Chittiyaan%20Kalaiyaan.mp3.mp3,245.64390022675738,0,0,321,ROY,Roy,2015,Meet Bros,Hindi
527,ROY - Sooraj Dooba Hain.mp3,Sooraj Dooba Hain,songs-file/ROY%20-%20Sooraj%20Dooba%20Hain.mp3.mp3,264.910975,0,0,321,ROY,Roy,2015,"Aditi Singh Sharma, Arijit Singh",Hindi
528,RUSH - Chup Chup Ke.mp3,Chup Chup Ke,songs-file/RUSH%20-%20Chup%20Chup%20Ke.mp3.mp3,229.4984126984127,0,0,322,RUSH,Rush,2012,"Rizwan-Muazzam, Ash King",Hindi
529,RSTM - Tere Sang Yaara.mp3,Tere Sang Yaara,songs-file/RSTM%20-%20Tere%20Sang%20Yaara.mp3.mp3,290.981175,0,0,323,RSTM,Rustom,2016,Atif Aslam,Hindi
530,SAJN - Mera Dil Bhi Kitna Pagal Hai.mp3,Mera Dil Bhi Kitna Pagal Hai,songs-file/SAJN%20-%20Mera%20Dil%20Bhi%20Kitna%20Pagal%20Hai.mp3.mp3,323.4742857142857,0,0,324,SAJN,Saajan,1991,"Alka Yagnik, Kumar Sanu",Hindi
531,SS - Tum Ko Dekha To Yeh Khayal Aaya.mp3,Tum Ko Dekha To Yeh Khayal Aaya,songs-file/SS%20-%20Tum%20Ko%20Dekha%20To%20Yeh%20Khayal%20Aaya.mp3.mp3,291.06666666666666,0,0,325,SS,Saath Saath,1982,Jagjit Singh,Hindi
532,SWRIYA - Jab Se Tere Naina.mp3,Jab Se Tere Naina,songs-file/SWRIYA%20-%20Jab%20Se%20Tere%20Naina.mp3.mp3,284.592,0,0,326,SWRIYA,Saawariya,2007,Shaan,Hindi
533,SWRIYA - Saawariya.mp3,Saawariya,songs-file/SWRIYA%20-%20Saawariya.mp3.mp3,165.776,0,0,326,SWRIYA,Saawariya,2007,Shail Hada,Hindi
534,SLEI - Ya Rabba.mp3,Ya Rabba,songs-file/SLEI%20-%20Ya%20Rabba.mp3.mp3,416.3475625,0,0,327,SLEI,Salaam-E-Ishq,2007,"Kailash Kher, Shankar-Ehsaan-Loy, Sameer Anjaan",Hindi
535,SR - Hua Hain Aaj Pehli Baar.mp3,Hua Hain Aaj Pehli Baar,songs-file/SR%20-%20Hua%20Hain%20Aaj%20Pehli%20Baar.mp3.mp3,309.0579,0,0,328,SR,Sanam Re,2016,"Amaal Mallik, Palak Muchhal, Armaan Malik",Hindi
536,SR - Sanam Re.mp3,Sanam Re,songs-file/SR%20-%20Sanam%20Re.mp3.mp3,308.7673469387755,0,0,328,SR,Sanam Re,2016,Arijit Singh,Hindi
537,SR - Tere Liye.mp3,Tere Liye,songs-file/SR%20-%20Tere%20Liye.mp3.mp3,427.8628,0,0,328,SR,Sanam Re,2016,"Mithoon, Ankit Tiwari",Hindi
538,STK - Bewajah.mp3,Bewajah,songs-file/STK%20-%20Bewajah.mp3.mp3,308.117475,0,0,329,STK,Sanam Teri Kasam,2016,Himesh Reshammiya,Hindi
539,STK - Haal - E - Dil (Male).mp3,Haal - E - Dil (Male),songs-file/STK%20-%20Haal%20-%20E%20-%20Dil%20(Male).mp3.mp3,334.04226757369617,0,0,329,STK,Sanam Teri Kasam,2016,Sreerama Chandra,Hindi
540,STK - Haal - E - Dil.mp3,Haal - E - Dil,songs-file/STK%20-%20Haal%20-%20E%20-%20Dil.mp3.mp3,324.13055,0,0,329,STK,Sanam Teri Kasam,2016,Neeti Mohan,Hindi
541,STK - Sanam Teri Kasam.mp3,Sanam Teri Kasam,songs-file/STK%20-%20Sanam%20Teri%20Kasam.mp3.mp3,314.02115,0,0,329,STK,Sanam Teri Kasam,2016,"Harshvardhan Mawra, Ankit Tiwari, Himesh Reshammiya",Hindi
542,STK - Tera Chehra.mp3,Tera Chehra,songs-file/STK%20-%20Tera%20Chehra.mp3.mp3,274.132175,0,0,329,STK,Sanam Teri Kasam,2016,Arijit Singh,Hindi
543,SRFR - Is Deewane Ladke Ko.mp3,Is Deewane Ladke Ko,songs-file/SRFR%20-%20Is%20Deewane%20Ladke%20Ko.mp3.mp3,281.3648979591837,0,0,330,SRFR,Sarfarosh,1999,"Alka Yagnik, Aamir Khan",Hindi
544,SRFR - Jo Haal Dil Ka.mp3,Jo Haal Dil Ka,songs-file/SRFR%20-%20Jo%20Haal%20Dil%20Ka.mp3.mp3,332.95673469387754,0,0,330,SRFR,Sarfarosh,1999,"Alka Yagnik, Kumar Sanu",Hindi
545,STSF - Satisfya.mp3,Satisfya,songs-file/STSF%20-%20Satisfya.mp3.mp3,180.09396825396826,0,0,331,STSF,Satisfya,2013,Imran Khan,Hindi
546,SPS - Pyar Hamen Kis Mod Pe.mp3,Pyar Hamen Kis Mod Pe,songs-file/SPS%20-%20Pyar%20Hamen%20Kis%20Mod%20Pe.mp3.mp3,394.35861678004534,0,0,332,SPS,Satte Pe Satta,1982,"R. D. Burman, Bhupinder Singh, Sapan Chakraborty, Gulshan Bawra, Kishore Kumar",Hindi
547,SJ - Paniyon Sa.mp3,Paniyon Sa,songs-file/SJ%20-%20Paniyon%20Sa.mp3.mp3,236.306875,0,0,333,SJ,Satyameva Jayate,2018,"Tulsi Kumar, Atif Aslam",Hindi
548,SN - Fermi Paradox.mp3,Fermi Paradox,songs-file/SN%20-%20Fermi%20Paradox.mp3.mp3,183.384,0,0,334,SN,Serge Nova,2020,Serge Nova,English
549,SO - Hiriye.mp3,Hiriye,songs-file/SO%20-%20Hiriye.mp3.mp3,255.1673,0,0,335,SO,Shael Oswal,2010,Shael Oswal,Hindi
550,SNGI - Duaa.mp3,Duaa,songs-file/SNGI%20-%20Duaa.mp3.mp3,260.25795918367345,0,0,336,SNGI,Shanghai,2012,Arijit Singh,Hindi
551,SIVY - Bolo Har Har Har.mp3,Bolo Har Har Har,songs-file/SIVY%20-%20Bolo%20Har%20Har%20Har.mp3.mp3,296.101175,0,0,337,SIVY,Shivaay,2016,Mithoon,Hindi
552,SV - Ha Ho Gayi Galti Mujhse.mp3,Ha Ho Gayi Galti Mujhse,songs-file/SV%20-%20Ha%20Ho%20Gayi%20Galti%20Mujhse.mp3.mp3,294.693625,0,0,338,SV,Shivai Vyas,2013,Shivai Vyas,Hindi
553,SOLY - Ye Dosti.mp3,Ye Dosti,songs-file/SOLY%20-%20Ye%20Dosti.mp3.mp3,326.6089795918367,0,0,339,SOLY,Sholay,1975,"Manna Dey, Kishore Kumar",Hindi
554,SHOR - Ek Pyar Ka Nagma.mp3,Ek Pyar Ka Nagma,songs-file/SHOR%20-%20Ek%20Pyar%20Ka%20Nagma.mp3.mp3,356.78325,0,0,340,SHOR,Shor,1972,Lata Mangeshkar,Hindi
555,SitC - Saibo.mp3,Saibo,songs-file/SitC%20-%20Saibo.mp3.mp3,195.34367346938777,0,0,341,SitC,Shor in the City,2011,"Shreya Ghoshal, Tochi Raina",Hindi
556,SRTR - Khali Salam Dua.mp3,Khali Salam Dua,songs-file/SRTR%20-%20Khali%20Salam%20Dua.mp3.mp3,311.76,0,0,342,SRTR,Shortcut Romeo,2013,Mohit Chauhan,Hindi
557,SDR - Gulabi.mp3,Gulabi,songs-file/SDR%20-%20Gulabi.mp3.mp3,230.25759637188207,0,0,343,SDR,Shuddh Desi Romance,2013,"Sachin-Jigar, Priya Saraiya, Jigar Saraiya",Hindi
558,S - Cheap Thrills feat. Sean Paul.mp3,Cheap Thrills feat. Sean Paul,songs-file/S%20-%20Cheap%20Thrills%20feat.%20Sean%20Paul.mp3.mp3,225.1232,0,0,344,S,Sia,1997,Sia,English
559,S - Unstoppable.mp3,Unstoppable,songs-file/S%20-%20Unstoppable.mp3.mp3,246.23020408163265,0,0,344,S,Sia,1997,Sia,English
560,SILS - Dekha Ek Khwab.mp3,Dekha Ek Khwab,songs-file/SILS%20-%20Dekha%20Ek%20Khwab.mp3.mp3,322.4635,0,0,345,SILS,Silsila,1981,"Kishore Kumar, Lata Mangeshkar, Amitabh Bachchan",Hindi
561,SIB - Mahi Aaja.mp3,Mahi Aaja,songs-file/SIB%20-%20Mahi%20Aaja.mp3.mp3,200.07183673469387,0,0,346,SIB,Singh Is Bliing,2015,Arijit Singh,Hindi
562,SIK - Jee Karda.mp3,Jee Karda,songs-file/SIK%20-%20Jee%20Karda.mp3.mp3,291.12533333333334,0,0,347,SIK,Singh Is Kinng,2008,"Pritam Chakraborty, Labh Janjua, Suzanne D'Mello",Hindi
563,SIK - Teri Ore.mp3,Teri Ore,songs-file/SIK%20-%20Teri%20Ore.mp3.mp3,339.6293333333333,0,0,347,SIK,Singh Is Kinng,2008,"Shreya Ghoshal, Rahat Fateh Ali Khan",Hindi
564,SNHM - Kuch Toh Hua Hai.mp3,Kuch Toh Hua Hai,songs-file/SNHM%20-%20Kuch%20Toh%20Hua%20Hai.mp3.mp3,307.091746031746,0,0,348,SNHM,Singham,2011,"Tulsi Kumar, Ankit Tiwari",Hindi
565,SM - Jai Ho.mp3,Jai Ho,songs-file/SM%20-%20Jai%20Ho.mp3.mp3,319.45142857142855,0,0,349,SM,Slumdog Millionaire,2008,"Tanvi Shah, Sukhwinder Singh, A. R. Rahman, Vijay Prakash, Mahalakshmi Iyer",Hindi
566,SM - Paper Planes.mp3,Paper Planes,songs-file/SM%20-%20Paper%20Planes.mp3.mp3,205.8481,0,0,349,SM,Slumdog Millionaire,2008,M.I.A.,English
567,SOCH - Soch.mp3,Soch,songs-file/SOCH%20-%20Soch.mp3.mp3,346.961575,0,0,350,SOCH,Soch,2013,Harrdy Sandhu,Hindi
568,SC - EK Mulaqat.mp3,EK Mulaqat,songs-file/SC%20-%20EK%20Mulaqat.mp3.mp3,318.4145,0,0,351,SC,Sonali Cable,2014,Altamash Faridi,Hindi
569,S2 - Mujh Mein Tu.mp3,Mujh Mein Tu,songs-file/S2%20-%20Mujh%20Mein%20Tu.mp3.mp3,264.16,0,0,352,S2,Special 26,2013,M. M. Keeravani,Hindi
570,SotY - Ishq Wala Love.mp3,Ishq Wala Love,songs-file/SotY%20-%20Ishq%20Wala%20Love.mp3.mp3,258.01142857142855,0,0,353,SotY,Student of the Year,2012,"Neeti Mohan, Salim Merchant, Shekhar Ravjiani",Hindi
571,SotY - Radha.mp3,Radha,songs-file/SotY%20-%20Radha.mp3.mp3,341.8122448979592,0,0,353,SotY,Student of the Year,2012,"Shreya Ghoshal, Vishal Dadlani, Shekhar Ravjiani, Udit Narayan",Hindi
572,SLTN - Baby Ko Bass Pasand Hai.mp3,Baby Ko Bass Pasand Hai,songs-file/SLTN%20-%20Baby%20Ko%20Bass%20Pasand%20Hai.mp3.mp3,253.290025,0,0,354,SLTN,Sultan,2016,"Isheeta, Vishal Dadlani, Badshah, Shalmali Kholgade",Hindi
573,SLTN - Jag Ghoomeya.mp3,Jag Ghoomeya,songs-file/SLTN%20-%20Jag%20Ghoomeya.mp3.mp3,281.99505,0,0,354,SLTN,Sultan,2016,Rahat Fateh Ali Khan,Hindi
574,SRJ - Baharon Phool Barsao.mp3,Baharon Phool Barsao,songs-file/SRJ%20-%20Baharon%20Phool%20Barsao.mp3.mp3,267.93333333333334,0,0,355,SRJ,Suraj,1966,Mohammed Rafi,Hindi
575,SRYVNSI - Tip Tip Barsa Paani.mp3,Tip Tip Barsa Paani,songs-file/SRYVNSI%20-%20Tip%20Tip%20Barsa%20Paani.mp3.mp3,359.61333333333334,0,0,356,SRYVNSI,Suryavanshi,1992,"Alka Yagnik, Udit Narayan",Hindi
576,TZP - Maa.mp3,Maa,songs-file/TZP%20-%20Maa.mp3.mp3,312.86857142857144,0,0,357,TZP,Taare Zameen Par,2007,Shankar Mahadevan,Hindi
577,TN2 - Mann Mera.mp3,Mann Mera,songs-file/TN2%20-%20Mann%20Mera.mp3.mp3,198.199,0,0,358,TN2,Table No. 21,2013,Gajendra Verma,Hindi
578,TTALW - Jee Le Zaraa.mp3,Jee Le Zaraa,songs-file/TTALW%20-%20Jee%20Le%20Zaraa.mp3.mp3,216.952,0,0,359,TTALW,Talaash: The Answer Lies Within,2012,"Javed Akhtar, Vishal Dadlani, Ram Sampath",Hindi
579,TSHN - Dil Haara.mp3,Dil Haara,songs-file/TSHN%20-%20Dil%20Haara.mp3.mp3,351.824,0,0,360,TSHN,Tashan,2008,Sukhwinder Singh,Hindi
580,TSHN - Falak Tak.mp3,Falak Tak,songs-file/TSHN%20-%20Falak%20Tak.mp3.mp3,355.8138775510204,0,0,360,TSHN,Tashan,2008,"Udit Narayan, Mahalakshmi Iyer",Hindi
581,TSHN - Tashan Mein.mp3,Tashan Mein,songs-file/TSHN%20-%20Tashan%20Mein.mp3.mp3,305.784,0,0,360,TSHN,Tashan,2008,"Vishal-Shekhar, Vishal Dadlani, Saleem",Hindi
582,TN921NDG - Ek Nazar Mein Bhi.mp3,Ek Nazar Mein Bhi,songs-file/TN921NDG%20-%20Ek%20Nazar%20Mein%20Bhi.mp3.mp3,280.7198125,0,0,361,TN921NDG,Taxi No. 9 2 11: Nau Do Gyarah,2006,"Vishal-Shekhar, Sunidhi Chauhan, KK",Hindi
583,TI - Tere Liye.mp3,Tere Liye,songs-file/TI%20-%20Tere%20Liye.mp3.mp3,286.43265306122447,0,0,362,TI,Tera Intezar,2005,Rahul Vaidya,Hindi
584,TNLHG - Piya O Re Piya.mp3,Piya O Re Piya,songs-file/TNLHG%20-%20Piya%20O%20Re%20Piya.mp3.mp3,288.80979591836734,0,0,363,TNLHG,Tere Naal Love Ho Gaya,2012,"Shreya Ghoshal, Atif Aslam",Hindi
585,TN - Kyo Kisi Ko.mp3,Kyo Kisi Ko,songs-file/TN%20-%20Kyo%20Kisi%20Ko.mp3.mp3,336.17850340136056,0,0,364,TN,Tere Naam,2003,Udit Narayan,Hindi
586,TN - Lagan Lagi.mp3,Lagan Lagi,songs-file/TN%20-%20Lagan%20Lagi.mp3.mp3,275.5134693877551,0,0,364,TN,Tere Naam,2003,Sukhwinder Singh,Hindi
587,TN - Tere Naam.mp3,Tere Naam,songs-file/TN%20-%20Tere%20Naam.mp3.mp3,395.0791,0,0,364,TN,Tere Naam,2003,"Alka Yagnik, Udit Narayan",Hindi
588,TMK - Allah Jaane.mp3,Allah Jaane,songs-file/TMK%20-%20Allah%20Jaane.mp3.mp3,327.07628117913833,0,0,365,TMK,Teri Meri Kahaani,2012,Rahat Fateh Ali Khan,Hindi
589,TMK - Mukhtasar.mp3,Mukhtasar,songs-file/TMK%20-%20Mukhtasar.mp3.mp3,332.83482993197276,0,0,365,TMK,Teri Meri Kahaani,2012,Wajid Ali,Hindi
590,TY - Teri Yaadein.mp3,Teri Yaadein,songs-file/TY%20-%20Teri%20Yaadein.mp3.mp3,244.0198125,0,0,366,TY,Teri Yaadein,2006,"Shrey Singhal, Atif Aslam",Hindi
591,TZAB - Ek Do Teen Char.mp3,Ek Do Teen Char,songs-file/TZAB%20-%20Ek%20Do%20Teen%20Char.mp3.mp3,457.3336875,0,0,367,TZAB,Tezaab,1988,Alka Yagnik,Hindi
592,TZAB - So Gaya Yeh Jahan.mp3,So Gaya Yeh Jahan,songs-file/TZAB%20-%20So%20Gaya%20Yeh%20Jahan.mp3.mp3,364.1288125,0,0,367,TZAB,Tezaab,1988,"Nitin Mukesh, Alka Yagnik, Shabbir Kumar",Hindi
593,T - Tere Bina (Melody).mp3,Tere Bina (Melody),songs-file/T%20-%20Tere%20Bina%20(Melody).mp3.mp3,311.70467120181405,0,0,368,T,Tezz,2012,Rahat Fateh Ali Khan,Hindi
594,T - Tere Bina.mp3,Tere Bina,songs-file/T%20-%20Tere%20Bina.mp3.mp3,311.6343990929705,0,0,368,T,Tezz,2012,Rahat Fateh Ali Khan,Hindi
595,TBUBHV4 - Gabru.mp3,Gabru,songs-file/TBUBHV4%20-%20Gabru.mp3.mp3,206.5952,0,0,369,TBUBHV4,"The Biggest UK Bhangra Hits, Vol. 4",2012,"Yo Yo Honey Singh, J Star",Hindi
596,TC - Who Do You Love.mp3,Who Do You Love,songs-file/TC%20-%20Who%20Do%20You%20Love.mp3.mp3,226.2432,0,0,370,TC,The Chainsmokers,2012,The Chainsmokers,English
597,TCRN - Chaska.mp3,Chaska,songs-file/TCRN%20-%20Chaska.mp3.mp3,196.29115646258504,0,0,371,TCRN,The Crown,2009,"Raja Baath, Yo Yo Honey Singh",Hindi
598,TDP - Ishq Sufiana.mp3,Ishq Sufiana,songs-file/TDP%20-%20Ishq%20Sufiana.mp3.mp3,327.26666666666665,0,0,372,TDP,The Dirty Picture,2011,Kamaal Khan,Hindi
599,TFatFTD - Tokyo Drift.mp3,Tokyo Drift,songs-file/TFatFTD%20-%20Tokyo%20Drift.mp3.mp3,255.1832,0,0,373,TFatFTD,The Fast and the Furious: Tokyo Drift,2006,Teriyaki Boyz,Japanese
600,TK - Teri Yaadon Mein.mp3,Teri Yaadon Mein,songs-file/TK%20-%20Teri%20Yaadon%20Mein.mp3.mp3,287.2133333333333,0,0,374,TK,The Killer,2006,"Shreya Ghoshal, KK",Hindi
601,TS - Alcoholic.mp3,Alcoholic,songs-file/TS%20-%20Alcoholic.mp3.mp3,200.257875,0,0,375,TS,The Shaukeens,2014,Yo Yo Honey Singh,Hindi
602,TS - Manali Trance.mp3,Manali Trance,songs-file/TS%20-%20Manali%20Trance.mp3.mp3,203.23585,0,0,375,TS,The Shaukeens,2014,"Neha Kakkar, Lil Golu, Yo Yo Honey Singh",Hindi
603,TT - Beete Lamhein.mp3,Beete Lamhein,songs-file/TT%20-%20Beete%20Lamhein.mp3.mp3,301.3466666666667,0,0,376,TT,The Train,2007,"Mithoon, Sayeed Qadri",Hindi
604,TT - Gulabi Ankhen.mp3,Gulabi Ankhen,songs-file/TT%20-%20Gulabi%20Ankhen.mp3.mp3,199.722,0,0,376,TT,The Train,2007,Mohammed Rafi,Hindi
605,TT - Woh Ajnabee.mp3,Woh Ajnabee,songs-file/TT%20-%20Woh%20Ajnabee.mp3.mp3,307.256,0,0,376,TT,The Train,2007,"Mithoon, Shilpa Rao",Hindi
606,TX - Dard Dilo Ke.mp3,Dard Dilo Ke,songs-file/TX%20-%20Dard%20Dilo%20Ke.mp3.mp3,303.8673015873016,0,0,377,TX,The Xpose,2014,"Yo Yo Honey Singh, Himesh Reshammiya",Hindi
607,TPGH - This Party Getting Hot.mp3,This Party Getting Hot,songs-file/TPGH%20-%20This%20Party%20Getting%20Hot.mp3.mp3,212.21877551020407,0,0,378,TPGH,This Party Getting Hot,2012,"Yo Yo Honey Singh, Jazzy B",Hindi
608,TSE - Zindagi Aa Raha Hoon Main.mp3,Zindagi Aa Raha Hoon Main,songs-file/TSE%20-%20Zindagi%20Aa%20Raha%20Hoon%20Main.mp3.mp3,287.506875,0,0,379,TSE,Tiger Shroff Essentials,2017,"Amaal Mallik, Atif Aslam",Hindi
609,TaI - Dance Monkey.mp3,Dance Monkey,songs-file/TaI%20-%20Dance%20Monkey.mp3.mp3,209.8432,0,0,380,TaI,Tones and I,2009,Tones and I,English
610,TM - Aladdin Arabian Nights.mp3,Aladdin Arabian Nights,songs-file/TM%20-%20Aladdin%20Arabian%20Nights.mp3.mp3,229.512,0,0,381,TM,Trap Music,1990,Trap Music,Hindi
611,TUMM - Dil Ibaadat.mp3,Dil Ibaadat,songs-file/TUMM%20-%20Dil%20Ibaadat.mp3.mp3,329.564025,0,0,382,TUMM,Tum Mile,2009,KK,Hindi
612,TUMM - Tu Hi Haqeeqat.mp3,Tu Hi Haqeeqat,songs-file/TUMM%20-%20Tu%20Hi%20Haqeeqat.mp3.mp3,302.2138,0,0,382,TUMM,Tum Mile,2009,"Javed Ali, Shadab, Pritam Chakraborty, Irshan Ashraf",Hindi
613,TUMM - Tum Mile.mp3,Tum Mile,songs-file/TUMM%20-%20Tum%20Mile.mp3.mp3,343.7866666666667,0,0,382,TUMM,Tum Mile,2009,"Pritam Chakraborty, Neeraj Shridhar",Hindi
614,TWLV - 12 Saal.mp3,12 Saal,songs-file/TWLV%20-%2012%20Saal.mp3.mp3,193.8818820861678,0,0,383,TWLV,Twelve,2012,Bilal Saeed,Hindi
615,UB - Despacito (Hindi Version).mp3,Despacito (Hindi Version),songs-file/UB%20-%20Despacito%20(Hindi%20Version).mp3.mp3,228.052175,0,0,384,UB,Uday Bagri,2018,Uday Bagri,Hindi
616,UJ - In Aankhon Ki Masti.mp3,In Aankhon Ki Masti,songs-file/UJ%20-%20In%20Aankhon%20Ki%20Masti.mp3.mp3,344.8666666666667,0,0,385,UJ,Umrao Jaan,1981,Asha Bhosle,Hindi
617,U - Aaja We Mahiya.mp3,Aaja We Mahiya,songs-file/U%20-%20Aaja%20We%20Mahiya.mp3.mp3,230.06666666666666,0,0,386,U,Unforgettable,2008,Imran Khan,Hindi
618,U - Amplifier.mp3,Amplifier,songs-file/U%20-%20Amplifier.mp3.mp3,230.90666666666667,0,0,386,U,Unforgettable,2008,Imran Khan,Hindi
619,VADA - Main Ishq Uska.mp3,Main Ishq Uska,songs-file/VADA%20-%20Main%20Ishq%20Uska.mp3.mp3,261.7026875,0,0,387,VADA,Vaada,2005,"Alka Yagnik, Babul Supriyo, Himesh Reshammiya",Hindi
620,VLHTA - Koi Aap Jaisa.mp3,Koi Aap Jaisa,songs-file/VLHTA%20-%20Koi%20Aap%20Jaisa.mp3.mp3,248.136,0,0,388,VLHTA,Vaah! Life Ho Toh Aisi!,2005,"Jayesh Gandhi, Madhushree, Kunal Ganjawala",Hindi
621,VEER - Salaam Aaya.mp3,Salaam Aaya,songs-file/VEER%20-%20Salaam%20Aaya.mp3.mp3,293.7469387755102,0,0,389,VEER,Veer,2010,"Roopkumar Rathod, Shreya Ghoshal, Suzanne D'Mello",Hindi
622,VEER - Surili Akhiyon Wale.mp3,Surili Akhiyon Wale,songs-file/VEER%20-%20Surili%20Akhiyon%20Wale.mp3.mp3,331.74666666666667,0,0,389,VEER,Veer,2010,"Rahat Fateh Ali Khan, Sunidhi Chauhan, Suzanne D'Mello",Hindi
623,V - To Brazil! (XXL).mp3,To Brazil! (XXL),songs-file/V%20-%20To%20Brazil!%20(XXL).mp3.mp3,186.40979591836734,0,0,390,V,Vengaboys,1998,Vengaboys,English
624,VD - Pani da Rang.mp3,Pani da Rang,songs-file/VD%20-%20Pani%20da%20Rang.mp3.mp3,240.9614375,0,0,391,VD,Vicky Donor,2012,Ayushmann Khurrana,Hindi
625,VVAH - Hamari Shaadi Mein.mp3,Hamari Shaadi Mein,songs-file/VVAH%20-%20Hamari%20Shaadi%20Mein.mp3.mp3,317.3435,0,0,392,VVAH,Vivah,2006,"Shreya Ghoshal, Babul Supriyo",Hindi
626,VVAH - Milan Abhi Aadha Adhura Hai.mp3,Milan Abhi Aadha Adhura Hai,songs-file/VVAH%20-%20Milan%20Abhi%20Aadha%20Adhura%20Hai.mp3.mp3,345.3910204081633,0,0,392,VVAH,Vivah,2006,"Shreya Ghoshal, Udit Narayan",Hindi
627,VVAH - Tere Dwaare Pe Aayee Baraat.mp3,Tere Dwaare Pe Aayee Baraat,songs-file/VVAH%20-%20Tere%20Dwaare%20Pe%20Aayee%20Baraat.mp3.mp3,238.8455,0,0,392,VVAH,Vivah,2006,Ravindra Jain,Hindi
628,WUS - Iktara.mp3,Iktara,songs-file/WUS%20-%20Iktara.mp3.mp3,253.77333333333334,0,0,393,WUS,Wake Up Sid,2009,"Kavita Seth, Amit Trivedi, Amitabh Bhattacharya",Hindi
629,WUS - Wake Up Sid.mp3,Wake Up Sid,songs-file/WUS%20-%20Wake%20Up%20Sid.mp3.mp3,231.2881632653061,0,0,393,WUS,Wake Up Sid,2009,Shankar-Ehsaan-Loy,Hindi
630,WUS - kya karoon?.mp3,kya karoon?,songs-file/WUS%20-%20kya%20karoon%3F.mp3.mp3,236.16,0,0,393,WUS,Wake Up Sid,2009,"Shankar-Ehsaan-Loy, Clinton Cerejo",Hindi
631,W - Tera Sarafa Aisa Hai.mp3,Tera Sarafa Aisa Hai,songs-file/W%20-%20Tera%20Sarafa%20Aisa%20Hai.mp3.mp3,302.23673469387757,0,0,394,W,Welcome,2007,"Anand Raj Anand, Shweta Pandit",Hindi
632,W - Uncha Lamba Kad.mp3,Uncha Lamba Kad,songs-file/W%20-%20Uncha%20Lamba%20Kad.mp3.mp3,279.56244897959186,0,0,394,W,Welcome,2007,"Anand Raj Anand, Kalpana Patowary",Hindi
633,W2K - Lalla Lalla Lori.mp3,Lalla Lalla Lori,songs-file/W2K%20-%20Lalla%20Lalla%20Lori.mp3.mp3,257.126475,0,0,395,W2K,Welcome 2 Karachi,2015,Vishal Dadlani,Hindi
634,WL - Kya Mujhe Pyaar Hai (Remix).mp3,Kya Mujhe Pyaar Hai (Remix),songs-file/WL%20-%20Kya%20Mujhe%20Pyaar%20Hai%20(Remix).mp3.mp3,252.01333333333332,0,0,396,WL,Woh Lamhe,2006,KK,Hindi
635,WL - Kya Mujhe Pyaar Hai.mp3,Kya Mujhe Pyaar Hai,songs-file/WL%20-%20Kya%20Mujhe%20Pyaar%20Hai.mp3.mp3,266.5534693877551,0,0,396,WL,Woh Lamhe,2006,KK,Hindi
636,YKB - Chura Liya Hai Tumne Jo Dil Ko.mp3,Chura Liya Hai Tumne Jo Dil Ko,songs-file/YKB%20-%20Chura%20Liya%20Hai%20Tumne%20Jo%20Dil%20Ko.mp3.mp3,287.84,0,0,397,YKB,Yaadon Ki Baaraat,1973,"Asha Bhosle, Mohammed Rafi",Hindi
637,YD - Bin Tere Sanam.mp3,Bin Tere Sanam,songs-file/YD%20-%20Bin%20Tere%20Sanam.mp3.mp3,390.6612244897959,0,0,398,YD,Yaara Dildara,1991,"Kavita Krishnamurthy, Udit Narayan",Hindi
638,Y - Chhu Kar Mere Manko.mp3,Chhu Kar Mere Manko,songs-file/Y%20-%20Chhu%20Kar%20Mere%20Manko.mp3.mp3,255.877375,0,0,399,Y,Yaarana,1981,Kishore Kumar,Hindi
639,Y - Tere Jaisa Yaar Kahan (New).mp3,Tere Jaisa Yaar Kahan (New),songs-file/Y%20-%20Tere%20Jaisa%20Yaar%20Kahan%20(New).mp3.mp3,161.61959183673468,0,0,399,Y,Yaarana,1981,"Kishore Kumar, Rahul Jain",Hindi
640,Y - Tere Jaisa Yaar Kahan.mp3,Tere Jaisa Yaar Kahan,songs-file/Y%20-%20Tere%20Jaisa%20Yaar%20Kahan.mp3.mp3,280.189387755102,0,0,399,Y,Yaarana,1981,Kishore Kumar,Hindi
641,YRIYN - ABCD.mp3,ABCD,songs-file/YRIYN%20-%20ABCD.mp3.mp3,207.937875,0,0,400,YRIYN,Yaariyan,2014,Yo Yo Honey Singh,Hindi
642,YRIYN - Allah Waariyan.mp3,Allah Waariyan,songs-file/YRIYN%20-%20Allah%20Waariyan.mp3.mp3,314.3285260770975,0,0,400,YRIYN,Yaariyan,2014,"Himansh Kohli, Rakul Preet Singh",Hindi
643,YRIYN - Baarish.mp3,Baarish,songs-file/YRIYN%20-%20Baarish.mp3.mp3,374.938231292517,0,0,400,YRIYN,Yaariyan,2014,"Mohammed Irfan, Gajendra Verma",Hindi
644,YRIYN - Sunny Sunny.mp3,Sunny Sunny,songs-file/YRIYN%20-%20Sunny%20Sunny.mp3.mp3,243.3451247165533,0,0,400,YRIYN,Yaariyan,2014,Yo Yo Honey Singh,Hindi
645,YJHD - Balam Pichkari.mp3,Balam Pichkari,songs-file/YJHD%20-%20Balam%20Pichkari.mp3.mp3,289.9591836734694,0,0,401,YJHD,Yeh Jawaani Hai Deewani,2013,"Shalmali Kholgade, Vishal Dadlani, SHALMALI",Hindi
646,YJHD - Dilliwaali Girlfriend.mp3,Dilliwaali Girlfriend,songs-file/YJHD%20-%20Dilliwaali%20Girlfriend.mp3.mp3,263.8649886621315,0,0,401,YJHD,Yeh Jawaani Hai Deewani,2013,"Arijit Singh, Sunidhi Chauhan",Hindi
647,YJHD - Ghagra.mp3,Ghagra,songs-file/YJHD%20-%20Ghagra.mp3.mp3,304.29750566893426,0,0,401,YJHD,Yeh Jawaani Hai Deewani,2013,"Vishal Dadlani, Rekha Bhardwaj",Hindi
648,YJHD - Ilahi.mp3,Ilahi,songs-file/YJHD%20-%20Ilahi.mp3.mp3,228.9822902494331,0,0,401,YJHD,Yeh Jawaani Hai Deewani,2013,Arijit Singh,Hindi
649,YJHD - Kabira.mp3,Kabira,songs-file/YJHD%20-%20Kabira.mp3.mp3,223.5849433106576,0,0,401,YJHD,Yeh Jawaani Hai Deewani,2013,"Pritam Chakraborty, Tochi Raina, Rekha Bhardwaj",Hindi
650,YB - Ek Din Aap.mp3,Ek Din Aap,songs-file/YB%20-%20Ek%20Din%20Aap.mp3.mp3,268.9124375,0,0,402,YB,Yes Boss,1997,"Alka Yagnik, Kumar Sanu",Hindi
651,YB - Main Koi Aisa Geet Gaoon.mp3,Main Koi Aisa Geet Gaoon,songs-file/YB%20-%20Main%20Koi%20Aisa%20Geet%20Gaoon.mp3.mp3,317.25714285714287,0,0,402,YB,Yes Boss,1997,"Alka Yagnik, Abhijeet Bhattacharya",Hindi
652,YYHS - Blue Eyes.mp3,Blue Eyes,songs-file/YYHS%20-%20Blue%20Eyes.mp3.mp3,220.98430839002268,0,0,403,YYHS,Yo Yo Honey Singh,2013,Yo Yo Honey Singh,Hindi
653,YYHS - Bring Me Back.mp3,Bring Me Back,songs-file/YYHS%20-%20Bring%20Me%20Back.mp3.mp3,192.16834467120182,0,0,403,YYHS,Yo Yo Honey Singh,2013,Yo Yo Honey Singh,Hindi
654,YYHS - Issey Kehte Hain Hip Hop.mp3,Issey Kehte Hain Hip Hop,songs-file/YYHS%20-%20Issey%20Kehte%20Hain%20Hip%20Hop.mp3.mp3,194.16825396825396,0,0,403,YYHS,Yo Yo Honey Singh,2013,Yo Yo Honey Singh,Hindi
655,YYHS - Mere Mehboob Qayamat Hogi.mp3,Mere Mehboob Qayamat Hogi,songs-file/YYHS%20-%20Mere%20Mehboob%20Qayamat%20Hogi.mp3.mp3,196.1534693877551,0,0,403,YYHS,Yo Yo Honey Singh,2013,Yo Yo Honey Singh,Hindi
656,YYHS - One Bottle Down.mp3,One Bottle Down,songs-file/YYHS%20-%20One%20Bottle%20Down.mp3.mp3,196.4179,0,0,403,YYHS,Yo Yo Honey Singh,2013,Yo Yo Honey Singh,Hindi
657,YYHS - Upar Upar In The Air.mp3,Upar Upar In The Air,songs-file/YYHS%20-%20Upar%20Upar%20In%20The%20Air.mp3.mp3,205.627,0,0,403,YYHS,Yo Yo Honey Singh,2013,Yo Yo Honey Singh,Hindi
658,YNGSTN - Suno na sangemarmar.mp3,Suno na sangemarmar,songs-file/YNGSTN%20-%20Suno%20na%20sangemarmar.mp3.mp3,201.9808163265306,0,0,404,YNGSTN,Youngistaan,2014,Arijit Singh,Hindi
659,YUVR - Tu Meri Dost Hai.mp3,Tu Meri Dost Hai,songs-file/YUVR%20-%20Tu%20Meri%20Dost%20Hai.mp3.mp3,373.2455,0,0,405,YUVR,Yuvvraaj,2008,"Shreya Ghoshal, A. R. Rahman, Benny Dayal",Hindi
660,ZHER - Woh Lamhe (Remix).mp3,Woh Lamhe (Remix),songs-file/ZHER%20-%20Woh%20Lamhe%20(Remix).mp3.mp3,278.1859375,0,0,406,ZHER,Zeher,2005,Atif Aslam,Hindi
661,ZHER - Woh Lamhe Woh Baatein.mp3,Woh Lamhe Woh Baatein,songs-file/ZHER%20-%20Woh%20Lamhe%20Woh%20Baatein.mp3.mp3,320.04,0,0,406,ZHER,Zeher,2005,Atif Aslam,Hindi
662,ZI - O Hansini.mp3,O Hansini,songs-file/ZI%20-%20O%20Hansini.mp3.mp3,324.02285714285716,0,0,407,ZI,Zehreela Insaan,1974,Kishore Kumar,Hindi
663,Z - Saanson Ko.mp3,Saanson Ko,songs-file/Z%20-%20Saanson%20Ko.mp3.mp3,288.39183673469387,0,0,408,Z,Zid,2014,Arijit Singh,Hindi
664,Z - Tu Zaroori.mp3,Tu Zaroori,songs-file/Z%20-%20Tu%20Zaroori.mp3.mp3,289.779525,0,0,408,Z,Zid,2014,Sunidhi Chauhan,Hindi
665,ZNMD - Ik Junoon (Paint It Red).mp3,Ik Junoon (Paint It Red),songs-file/ZNMD%20-%20Ik%20Junoon%20(Paint%20It%20Red).mp3.mp3,300.1730612244898,0,0,409,ZNMD,Zindagi Na Milegi Dobara,2011,"Alyssa Mendonsa, Vishal Dadlani, Shankar Mahadevan, Ehsaan Noorani, Gulraj Singh",Hindi
666,TeCh - Tera Chehra.mp3,Tera Chehra,songs-file/TeCh%20-%20Tera%20Chehra.mp3.mp3,392.5942857142857,0,0,410,TeCh,Tera Chehra,2002,Adnan Sami,Hindi
668,TrBr - Wavin' Flag.mp3,Wavin' Flag,songs-file/TrBr%20-%20Wavin'%20Flag.mp3.mp3,224.80979591836734,0,0,411,TrBr,Troubadour,2009,K'naan,English
669,ANWR - Javeda Zindagi.mp3,Javeda Zindagi,songs-file/ANWR%20-%20Javeda%20Zindagi.mp3.mp3,502.59591836734694,0,0,32,ANWR,Anwar,2007,Shilpa Rao,Hindi
670,FOGR - Lemon Tree.mp3,Lemon Tree,songs-file/FOGR%20-%20Lemon%20Tree.mp3.mp3,191.73877551020408,0,0,412,FOGR,Fool's Garden,1995,Fool's Garden,English
671,JB - Eenie Meenie.mp3,Eenie Meenie,songs-file/JB%20-%20Eenie%20Meenie.mp3.mp3,204.22530612244898,0,0,201,JB,Justin Bieber,2009,"Sean Kingston, Justin Bieber",English
672,StLo - Stereo Love.mp3,Stereo Love,songs-file/StLo%20-%20Stereo%20Love.mp3.mp3,252.552,0,0,413,StLo,Stereo Love,2009,"Edward Maya, Vika Jigulina",English
673,DNO - Danza kuduro.mp3,Danza kuduro,songs-file/DNO%20-%20Danza%20kuduro.mp3.mp3,199.21333333333334,0,0,414,DNO,Don Omar,2010,Don Omar,"Portuguese, Spanish"
674,GOL3 - Yaad Aa Raha Hain.mp3,Yaad Aa Raha Hain,songs-file/GOL3%20-%20Yaad%20Aa%20Raha%20Hain.mp3.mp3,267.122358276644,0,0,415,GOL3,Golmaal 3,2010,Sudesh Bhosale,Hindi
675,GOL3 - Ale.mp3,Ale,songs-file/GOL3%20-%20Ale.mp3.mp3,281.12,0,0,415,GOL3,Golmaal 3,2010,"Antara Mitra, Neeraj Shridhar",Hindi
676,GOL3 - Apna Har Din.mp3,Apna Har Din,songs-file/GOL3%20-%20Apna%20Har%20Din.mp3.mp3,267.1333333333333,0,0,415,GOL3,Golmaal 3,2010,"Anushka Manchanda, Neeraj Shridhar, Shaan",Hindi
677,LAK - Aahun Aahun.mp3,Aahun Aahun,songs-file/LAK%20-%20Aahun%20Aahun.mp3.mp3,290.4826984126984,0,0,239,LAK,Love Aaj Kal,2009,"Master Saleem, Neeraj Shridhar",Hindi
678,TFatFTD - Six Days War.mp3,Six Days War,songs-file/TFatFTD%20-%20Six%20Days%20War.mp3.mp3,229.90367346938777,0,0,373,TFatFTD,The Fast and the Furious: Tokyo Drift,2006,Colonel Bagshot,English
679,Badbz - Bad Boy.mp3,Bad Boy,songs-file/Badbz%20-%20Bad%20Boy.mp3.mp3,197.87755102040816,0,0,416,BadBz,Bad Boy,2018,"Martin Tungevaag, Raaban",English
680,ARDN - Kora Kagaz Tha Yeh Man Mera.mp3,Kora Kagaz Tha Yeh Man Mera,songs-file/ARDN%20-%20Kora%20Kagaz%20Tha%20Yeh%20Man%20Mera.mp3.mp3,344.6334693877551,0,0,34,ARDN,Aradhana,1969,"Lata Mangeshkar, R. D. Burman, Kishore Kumar",Hindi
681,KRZ - Dard-E-Dil Dard-E-Jigar.mp3,Dard-E-Dil Dard-E-Jigar,songs-file/KRZ%20-%20Dard-E-Dil%20Dard-E-Jigar.mp3.mp3,417.3061224489796,0,0,417,KRZ,Karz,1980,Mohammed Rafi,Hindi
682,DsiBz - Subha Hone Na De.mp3,Subha Hone Na De,songs-file/DsiBz%20-%20Subha%20Hone%20Na%20De.mp3.mp3,288.574693877551,0,0,418,DsiBz,Desi Boyz,2011,"Pritam Chakraborty, Mika Singh",Hindi
683,DsiBz - Make Some Noise For The.mp3,Make Some Noise For The,songs-file/DsiBz%20-%20Make%20Some%20Noise%20For%20The.mp3.mp3,244.06204081632654,0,0,418,DsiBz,Desi Boyz,2011,"Pritam Chakraborty, KK",Hindi
684,YYHS - Dope Shope.mp3,Dope Shope,songs-file/YYHS%20-%20Dope%20Shope.mp3.mp3,188.63020408163266,0,0,403,YYHS,Yo Yo Honey Singh,2013,Yo Yo Honey Singh,Hindi
685,ASMM - Dil Mein Baji Guitar.mp3,Dil Mein Baji Guitar,songs-file/ASMM%20-%20Dil%20Mein%20Baji%20Guitar.mp3.mp3,267.16225,0,0,419,ASMM,Apna Sapna Money Money,2006,Mika Singh,Hindi
686,YYHS - Angreji Beat.mp3,Angreji Beat,songs-file/YYHS%20-%20Angreji%20Beat.mp3.mp3,210.20734693877552,0,0,403,YYHS,Yo Yo Honey Singh,2013,Yo Yo Honey Singh,Hindi
687,JStar - Na Na Na Na.mp3,Na Na Na Na,songs-file/JStar%20-%20Na%20Na%20Na%20Na.mp3.mp3,209.78938775510204,0,0,420,JStar,J Star,2012,J Star,Hindi
688,PKTDK - O Oh Jaane Jaana.mp3,O Oh Jaane Jaana,songs-file/PKTDK%20-%20O%20Oh%20Jaane%20Jaana.mp3.mp3,345.3387755102041,0,0,421,PKTDK,Pyaar Kiya To Darna Kya,1998,Kamaal Khan,Hindi
689,Bdsh - Woh Ladki Jo.mp3,Woh Ladki Jo,songs-file/Bdsh%20-%20Woh%20Ladki%20Jo.mp3.mp3,424.17632653061224,0,0,422,Bdsh,Baadshah,1999,Abhijeet Bhattacharya,Hindi
690,36CT - Aashiqui Mein Teri.mp3,Aashiqui Mein Teri,songs-file/36CT%20-%20Aashiqui%20Mein%20Teri.mp3.mp3,293.90367346938774,0,0,423,36CT,36 China Town,2006,"Sunidhi Chauhan, Himesh Reshammiya",Hindi
691,BWFA - Ek Dilruba Hai.mp3,Ek Dilruba Hai,songs-file/BWFA%20-%20Ek%20Dilruba%20Hai.mp3.mp3,410.09632653061226,0,0,424,BWFA,Bewafaa,2005,Udit Narayan,Hindi
692,ATRZ - Gela Gela Gela.mp3,Gela Gela Gela,songs-file/ATRZ%20-%20Gela%20Gela%20Gela.mp3.mp3,276.4016326530612,0,0,22,ATRZ,Aitraaz,2004,"Adnan Sami, Sunidhi Chauhan",Hindi
693,MRDR - Kaho Na Kaho.mp3,Kaho Na Kaho,songs-file/MRDR%20-%20Kaho%20Na%20Kaho.mp3.mp3,311.7191836734694,0,0,425,MRDR,Murder,2004,Amir Jamal,Hindi
694,TsMK - Wallah Re Wallah.mp3,Wallah Re Wallah,songs-file/TsMK%20-%20Wallah%20Re%20Wallah.mp3.mp3,328.5942857142857,0,0,426,TsMK,Tees Maar Khan,2010,"Kamaal Khan, Vishal-Shekhar, Raja Hasan, Shreya Ghoshal, Shekhar Ravjiani",Hindi
698,GRMS - Ada (Garam Masala).mp3,Ada (Garam Masala),songs-file/GRMS%20-%20Ada%20(Garam%20Masala).mp3.mp3,281.634125,0,0,444,GRMS,Garam Masala,2005,Sonu Nigam,Hindi
699,4MnDn - 4Mendown.mp3,4Mendown,songs-file/4MnDn%20-%204Mendown.mp3.mp3,189.3387,0,0,445,4MnDn,4Mendown,2014,Millind Gaba,Hindi
700,LIAM - In Dino.mp3,In Dino,songs-file/LIAM%20-%20In%20Dino.mp3.mp3,397.0873469387755,0,0,446,LIAM,Life in a... Metro,2007,Pritam Chakraborty,Hindi
701,LIAM - Alvida.mp3,Alvida,songs-file/LIAM%20-%20Alvida.mp3.mp3,340.7279818594104,0,0,446,LIAM,Life in a... Metro,2007,"Pritam Chakraborty, KK",Hindi
703,ARSH - Boro Boro (Funkey Sunday).mp3,Boro Boro (Funkey Sunday),songs-file/ARSH%20-%20Boro%20Boro%20(Funkey%20Sunday).mp3.mp3,212.29714285714286,0,0,447,ARSH,Arash,2004,Arash,Iranian
704,BLFMSTER - Say Na Say Na.mp3,Say Na Say Na,songs-file/BLFMSTER%20-%20Say%20Na%20Say%20Na.mp3.mp3,196.59755102040816,0,0,448,BLFMSTER,Bluffmaster!,2005,"Johan Bejerholm, Aneela Mirza","Hindi, English"
705,KHKE - Dil Dooba.mp3,Dil Dooba,songs-file/KHKE%20-%20Dil%20Dooba.mp3.mp3,231.02693877551022,0,0,449,KHKE,Khakee,2004,"Shreya Ghoshal, Sonu Nigam",Hindi
706,AFPTJ - Broken Angel (English).mp3,Broken Angel (English),songs-file/AFPTJ%20-%20Broken%20Angel%20(English).mp3.mp3,212.06204081632654,0,0,450,AFPTJ,Arash - From Persia To Japan,2008,Arash,English
707,AFPTJ - One Day.mp3,One Day,songs-file/AFPTJ%20-%20One%20Day.mp3.mp3,226.35102040816327,0,0,450,AFPTJ,Arash - From Persia To Japan,2008,"Arash, Helena Marianne Josefsson","Swedish, English, Iranian"
708,BolB - Chalao Na Naino Se.mp3,Chalao Na Naino Se,songs-file/BolB%20-%20Chalao%20Na%20Naino%20Se.mp3.mp3,341.1591836734694,0,0,451,BolB,Bol Bachchan,2012,"Shreya Ghoshal, Himesh Reshammiya",Hindi
709,W - Kiya Kiya.mp3,Kiya Kiya,songs-file/W%20-%20Kiya%20Kiya.mp3.mp3,302.2889795918367,0,0,394,W,Welcome,2007,"Anand Raj Anand, Shweta Pandit",Hindi
710,KKTF - Dil Keh Raha Hai.mp3,Dil Keh Raha Hai,songs-file/KKTF%20-%20Dil%20Keh%20Raha%20Hai.mp3.mp3,305.1363265306122,0,0,452,KKTF,Kyon Ki... It's Fate,2005,"Kunal Ganjawala, Himesh Reshammiya",Hindi
711,"KHNH - Maahi Ve (From ""Kal Ho Naa Ho"").mp3","Maahi Ve (From ""Kal Ho Naa Ho"")",songs-file/KHNH%20-%20Maahi%20Ve%20(From%20%22Kal%20Ho%20Naa%20Ho%22).mp3.mp3,366.91591836734693,0,0,208,KHNH,Kal Ho Naa Ho,2003,"Udit Narayan, Sonu Nigam, Madhushree, Shankar-Ehsaan-Loy, Sadhana Sargam",Hindi
712,KKTF - Kyon Ki itna Pyar.mp3,Kyon Ki Itna Pyar,songs-file/KKTF%20-%20Kyon%20Ki%20itna%20Pyar.mp3.mp3,356.2318367346939,0,0,452,KKTF,Kyon Ki... It's Fate,2005,"Alka Yagnik, Udit Narayan",Hindi
713,ETT - Banjaara.mp3,Banjaara,songs-file/ETT%20-%20Banjaara.mp3.mp3,273.34530612244896,0,0,119,ETT,Ek Tha Tiger,2012,Sukhwinder Singh,Hindi
714,LOY - Love of You.mp3,Love of You,songs-file/LOY%20-%20Love%20of%20You.mp3.mp3,159.24244897959184,0,0,453,LOY,Love of You,2021,Brianna,English
715,InsM - Chaiyya Chaiyya (Inside Man).mp3,Chaiyya Chaiyya (Inside Man),songs-file/InsM%20-%20Chaiyya%20Chaiyya%20(Inside%20Man).mp3.mp3,371.4089795918367,0,0,454,InsM,Inside Man,2006,"Sukhwinder Singh, A. R. Rahman, Sapna Awasthi",Hindi
716,DilS - Chhaiyan Chhaiyan.mp3,Chhaiyan Chhaiyan,songs-file/DilS%20-%20Chhaiyan%20Chhaiyan.mp3.mp3,416.705306122449,0,0,455,DilS,Dil Se..,1998,"Sukhwinder Singh, A. R. Rahman, Sapna Awasthi",Hindi
717,CARS - Life could be dream.mp3,Life could be dream,songs-file/CARS%20-%20Life%20could%20be%20dream.mp3.mp3,143.51673469387754,0,0,456,CARS,Cars,2006,The Chords,English
718,HlChl - Rafta Rafta.mp3,Rafta Rafta,songs-file/HlChl%20-%20Rafta%20Rafta.mp3.mp3,317.64897959183673,0,0,457,HlChl,Hulchul,2004,"Sujatha, Udit Narayan",Hindi
719,JBR - Jingle Bell Rock.mp3,Jingle Bell Rock,songs-file/JBR%20-%20Jingle%20Bell%20Rock.mp3.mp3,128.57469387755103,0,0,458,JBR,Jingle Bell Rock,1957,Bobby Helms,English
720,UTM - All I Want For Christmas Is You.mp3,All I Want For Christmas Is You,songs-file/UTM%20-%20All%20I%20Want%20For%20Christmas%20Is%20You.mp3.mp3,242.9126530612245,0,0,459,UTM,Under the Mistletoe,2011,"Mariah Carey, Justin Bieber",English
721,AshBA - Aap Ki Kashish.mp3,Aap Ki Kashish,songs-file/AshBA%20-%20Aap%20Ki%20Kashish.mp3.mp3,333.7665306122449,0,0,460,AshBA,Aashiq Banaya Aapne,2005,"Ahir Kafila, Himesh Reshammiya",Hindi
722,SOSufi - Piya Re Piya Re.mp3,Piya Re Piya Re,songs-file/SOSufi%20-%20Piya%20Re%20Piya%20Re.mp3.mp3,464.50938775510207,0,0,461,SOSufi,Sultan of Sufi,1997,Nusrat Fateh Ali Khan,Hindi
723,BAB - Dhadak Dhadak (Bunty Aur Babli).mp3,Dhadak Dhadak (Bunty Aur Babli),songs-file/BAB%20-%20Dhadak%20Dhadak%20(Bunty%20Aur%20Babli).mp3.mp3,368.0914285714286,0,0,462,BAB,Bunty Aur Babli,2005,Udit Narayan,Hindi
724,GNIM - Gur Nalo Ishq Mitha.mp3,Gur Nalo Ishq Mitha,songs-file/GNIM%20-%20Gur%20Nalo%20Ishq%20Mitha.mp3.mp3,699.692,0,0,463,GNIM,Gur Nalo Ishq Mitha,1991,"Malkit Singh, Bally Sagoo",Punjabi
725,LUV - Jim Jim.mp3,Jim Jim,songs-file/LUV%20-%20Jim%20Jim.mp3.mp3,62.61551020408163,0,0,465,LUV,Love (ಲವ್),2004,Lakshmi Matthieu,Kannada
726,1DNX - Night Changes.mp3,Night Changes,songs-file/1DNX%20-%20Night%20Changes.mp3.mp3,240.77061224489796,0,0,466,1DNX,One Direction,2011,"Harry Styles, Niall Horan, Zayn Malik, Louis Tomlinson, Liam Payne",English
727,D6 - Rehna Tu.mp3,Rehna Tu,songs-file/D6%20-%20Rehna%20Tu.mp3.mp3,411.3502040816326,0,0,94,D6,Delhi-6,2009,"A. R. Rahman, Benny Dayal, Tanvi Shah",Hindi
728,OLLO - Oye Lucky.mp3,Oye Lucky,songs-file/OLLO%20-%20Oye%20Lucky.mp3.mp3,241.76326530612246,0,0,467,OLLO,Oye Lucky! Lucky Oye!,2008,"Mika Singh, Amitosh Nagpal","Punjabi, Hindi"
729,RCKON - Socha Hai (Farhan Akhtar).mp3,Socha Hai (Farhan Akhtar),songs-file/RCKON%20-%20Socha%20Hai%20(Farhan%20Akhtar).mp3.mp3,251.66367346938776,0,0,468,RCKON,Rock On!!,2008,Farhan Akhtar,Hindi
730,PLYRS - Dil Ye Bekarar Kyun Hai.mp3,Dil Ye Bekarar Kyun Hai,songs-file/PLYRS%20-%20Dil%20Ye%20Bekarar%20Kyun%20Hai.mp3.mp3,275.9575510204082,0,0,469,PLYRS,Players,2012,"Mohit Chauhan, Shreya Ghoshal",Hindi
731,YJHD - Subhanallah.mp3,Subhanallah,songs-file/YJHD%20-%20Subhanallah.mp3.mp3,249.75673469387755,0,0,401,YJHD,Yeh Jawaani Hai Deewani,2013,"Shilpa Rao, Pritam Chakraborty, Sreerama Chandra",Hindi
732,NY - Tune Jo Na Kaha.mp3,Tune Jo Na Kaha,songs-file/NY%20-%20Tune%20Jo%20Na%20Kaha.mp3.mp3,309.7861224489796,0,0,272,NY,New York,2009,Mohit Chauhan,Hindi
733,MRDR2 - Hale Dil.mp3,Hale Dil,songs-file/MRDR2%20-%20Hale%20Dil.mp3.mp3,348.05551020408166,0,0,470,MRDR2,Murder 2,2011,Harshit Saxena,Hindi
734,MRDR2 - Phir Mohabbat.mp3,Phir Mohabbat,songs-file/MRDR2%20-%20Phir%20Mohabbat.mp3.mp3,330.93333333333334,0,0,470,MRDR2,Murder 2,2011,"Mohammed Irfan, Arijit Singh, Saim Bhat",Hindi
735,KARZ - Hari Om Hari Om.mp3,Hari Om Hari Om,songs-file/KARZ%20-%20Hari%20Om%20Hari%20Om.mp3.mp3,308.8718367346939,0,0,216,KARZ,Karzzzz,2008,"Akbar Sami, Himesh Reshammiya",Hindi
736,APKSUR - Samjho Na.mp3,Samjho Na,songs-file/APKSUR%20-%20Samjho%20Na.mp3.mp3,385.8024489795918,0,0,471,APKSUR,Aap Kaa Surroor,2007,Himesh Reshammiya,Hindi
737,APKSUR - Naam Hai Tera.mp3,Naam Hai Tera,songs-file/APKSUR%20-%20Naam%20Hai%20Tera.mp3.mp3,292.3134,0,0,471,APKSUR,Aap Kaa Surroor,2007,Himesh Reshammiya,Hindi
738,TDH - Zara Jhoom Jhoom.mp3,Zara Jhoom Jhoom,songs-file/TDH%20-%20Zara%20Jhoom%20Jhoom.mp3.mp3,370.0325,0,0,472,TDH,"Tom, Dick, and Harry",2006,Himesh Reshammiya,Hindi
739,KLASI - Khalasi.mp3,Khalasi,songs-file/KLASI%20-%20Khalasi.mp3.mp3,258.32489795918366,0,0,473,KLASI,Khalasi,2023,"Achint, Aditya Gadhvi",Gujrati
740,UTD - Leja Leja.mp3,Leja Leja,songs-file/UTD%20-%20Leja%20Leja.mp3.mp3,269.89714285714285,0,0,474,UTD,Ustad & the Divas,2006,"Shreya Ghoshal, Salim Merchant, Sultan Khan",Hindi
741,DPMN - Past Lives.mp3,Past Lives,songs-file/DPMN%20-%20Past%20Lives.mp3.mp3,153.2604081632653,0,0,475,DPMN,Dopamine,2015,Børns,English
742,DPRC - Space Song.mp3,Space Song,songs-file/DPRC%20-%20Space%20Song.mp3.mp3,320.6611875,0,0,476,DPRC,Depression Cherry,2015,Beach House,English
743,MEMR - Memory Reboot.mp3,Memory Reboot,songs-file/MEMR%20-%20Memory%20Reboot.mp3.mp3,236.40816326530611,0,0,477,MEMR,Memory Reboot,2023,"Narvent, VØJ, TRVNSPORTER & Godmode",Instrumental
744,CSTLV - C'est la vie.mp3,C'est la vie,songs-file/CSTLV%20-%20C'est%20la%20vie.mp3.mp3,236.59102040816327,0,0,478,CSTLV,C'est la vie,2012,Khaled,Arabic
745,GTAVC - Self Control.mp3,Self Control,songs-file/GTAVC%20-%20Self%20Control.mp3.mp3,307.61795918367346,0,0,479,GTAVC,GTA Vice City,2002,Laura Branigan,English
746,"V - Boom, Boom, Boom, Boom!!.mp3","Boom, Boom, Boom, Boom!!",songs-file/V%20-%20Boom%2C%20Boom%2C%20Boom%2C%20Boom!!.mp3.mp3,203.44163265306122,0,0,390,V,Vengaboys,1998,Vengaboys,English
747,IMND - Bad Liar.mp3,Bad Liar,songs-file/IMND%20-%20Bad%20Liar.mp3.mp3,262.176125,0,0,480,IMND,Imagine Dragons,2009,Imagine Dragons,English
748,RSPTN - Rasputin.mp3,Rasputin,songs-file/RSPTN%20-%20Rasputin.mp3.mp3,269.403375,0,0,481,RSPTN,Rasputin,1978,Boney M.,English
749,LUDD - Lucid Dreams.mp3,Lucid Dreams,songs-file/LUDD%20-%20Lucid%20Dreams.mp3.mp3,230.16489795918366,0,0,482,LUDD,Lucid Dreams,2017,Juice WRLD,English
750,STAY - STAY.mp3,STAY,songs-file/STAY%20-%20STAY.mp3.mp3,157.70122448979592,0,0,483,STAY,STAY,2021,"The Kid LAROI, Justin Bieber",English
751,KRSH - Koi Tumsa Nahin.mp3,Koi Tumsa Nahin,songs-file/KRSH%20-%20Koi%20Tumsa%20Nahin.mp3.mp3,375.4318367346939,0,0,229,KRSH,Krrish,2006,"Shreya Ghoshal, Sonu Nigam",Hindi
752,LRMB - Pal Pal Har Pal.mp3,Pal Pal Har Pal,songs-file/LRMB%20-%20Pal%20Pal%20Har%20Pal.mp3.mp3,273.1181875,0,0,484,LRMB,Lage Raho Munna Bhai,2006,"Shreya Ghoshal, Sonu Nigam",Hindi
753,GFU - Golmaal.mp3,Golmaal,songs-file/GFU%20-%20Golmaal.mp3.mp3,246.3869387755102,0,0,485,GFU,Golmaal: Fun Unlimited,2006,"Anushka Manchanda, Vishal Dadlani, KK, Shaan",Hindi
754,AKSR - Jhalak Dikhlaja.mp3,Jhalak Dikhlaja,songs-file/AKSR%20-%20Jhalak%20Dikhlaja.mp3.mp3,317.67510204081634,0,0,26,AKSR,Aksar,2006,Himesh Reshammiya,Hindi
755,KRSH - Dil Na Diya.mp3,Dil Na Diya,songs-file/KRSH%20-%20Dil%20Na%20Diya.mp3.mp3,354.32489795918366,0,0,229,KRSH,Krrish,2006,Kunal Ganjawala,Hindi
756,PHP - Ai Meri Zohrajabeen.mp3,Ai Meri Zohrajabeen,songs-file/PHP%20-%20Ai%20Meri%20Zohrajabeen.mp3.mp3,324.8326530612245,0,0,486,PHP,Phir Hera Pheri,2006,Himesh Reshammiya,Hindi
757,GJNI - Aye Bachchu.mp3,Aye Bachchu,songs-file/GJNI%20-%20Aye%20Bachchu.mp3.mp3,228.4930612244898,0,0,138,GJNI,Ghajini,2008,Suzanne D'Mello,Hindi
758,GJNI - Behka.mp3,Behka,songs-file/GJNI%20-%20Behka.mp3.mp3,313.3648979591837,0,0,138,GJNI,Ghajini,2008,Karthik,Hindi
759,DON - Main Hoon Don.mp3,Main Hoon Don,songs-file/DON%20-%20Main%20Hoon%20Don.mp3.mp3,333.2179591836735,0,0,487,DON,Don (The Chase Begins Again),2006,Shaan,Hindi
761,AiSHA - Suno Aisha.mp3,Suno Aisha,songs-file/AiSHA%20-%20Suno%20Aisha.mp3.mp3,259.99673469387756,0,0,488,AiSHA,Aisha,2010,"Nakash Aziz, Ash King, Amit Trivedi",Hindi
762,DON2 - Hai Ye Maya.mp3,Hai Ye Maya,songs-file/DON2%20-%20Hai%20Ye%20Maya.mp3.mp3,282.174693877551,0,0,489,DON2,Don 2,2011,Usha Uthup,Hindi
763,DON2 - Zaraa Dil Ko Thaam Lo.mp3,Zaraa Dil Ko Thaam Lo,songs-file/DON2%20-%20Zaraa%20Dil%20Ko%20Thaam%20Lo.mp3.mp3,308.66285714285715,0,0,489,DON2,Don 2,2011,"Anusha Mani, Vishal Dadlani",Hindi
764,DON - Aaj Ki Raat.mp3,Aaj Ki Raat,songs-file/DON%20-%20Aaj%20Ki%20Raat.mp3.mp3,369.21469387755104,0,0,487,DON,Don (The Chase Begins Again),2006,"Sonu Nigam, Alisha Chinai, Mahalakshmi Iyer",Hindi
765,DON2 - Mujhko Pehchaanlo.mp3,Mujhko Pehchaanlo,songs-file/DON2%20-%20Mujhko%20Pehchaanlo.mp3.mp3,206.0538775510204,0,0,489,DON2,Don 2,2011,KK,Hindi
766,BMBTIC - Boombastic.mp3,Boombastic,songs-file/BMBTIC%20-%20Boombastic.mp3.mp3,234.73632653061225,0,0,490,BMBTIC,Boombastic,1995,Shaggy,English
767,D3 - Tu Hi Junoon.mp3,Tu Hi Junoon,songs-file/D3%20-%20Tu%20Hi%20Junoon.mp3.mp3,307.8269387755102,0,0,101,D3,Dhoom 3,2013,Mohit Chauhan,Hindi
768,YB - Chaand Taare.mp3,Chaand Taare,songs-file/YB%20-%20Chaand%20Taare.mp3.mp3,289.43673469387755,0,0,402,YB,Yes Boss,1997,Abhijeet Bhattacharya,Hindi
769,MPKK - Dil Di Nazar.mp3,Dil Di Nazar,songs-file/MPKK%20-%20Dil%20Di%20Nazar.mp3.mp3,323.134693877551,0,0,491,MPKK,Maine Pyaar Kyun Kiya,2005,"Neeraj Shridhar, Shaan",Hindi
770,MPKK - Just Chill.mp3,Just Chill,songs-file/MPKK%20-%20Just%20Chill.mp3.mp3,325.7208163265306,0,0,491,MPKK,Maine Pyaar Kyun Kiya,2005,"Sonu Nigam, Amrita Kak, Jayesh Gandhi",Hindi
771,PRTNR - Do U Wanna Partner.mp3,Do U Wanna Partner,songs-file/PRTNR%20-%20Do%20U%20Wanna%20Partner.mp3.mp3,273.76326530612243,0,0,492,PRTNR,Partner,2007,"Shaan, Udit Narayan, Wajid Ali, Suzanne D'Mello, Clinton Cerejo",Hindi
772,PRTNR - You're My Love.mp3,You're My Love,songs-file/PRTNR%20-%20You're%20My%20Love.mp3.mp3,275.3519954648526,0,0,492,PRTNR,Partner,2007,"Shweta Pandit, Suzanne D'Mello, Shaan",Hindi
773,DNYA - Pure Love.mp3,Pure Love,songs-file/DNYA%20-%20Pure%20Love.mp3.mp3,201.14285714285714,0,0,493,DNYA,Donya,2008,"Arash, Helena Marianne Josefsson","Swedish, English, Iranian"
774,ARSH - One Night in Dubai.mp3,One Night in Dubai,songs-file/ARSH%20-%20One%20Night%20in%20Dubai.mp3.mp3,160.52244897959184,0,0,447,ARSH,Arash,2004,"Arash, Helena Marianne Josefsson","Swedish, English, Iranian"
775,BRIOFINO - Gasolina.mp3,Gasolina,songs-file/BRIOFINO%20-%20Gasolina.mp3.mp3,192.648,0,0,494,BRIOFINO,Barrio Fino,2004,Daddy Yankee,Spanish
776,MIA - Mia.mp3,Mia,songs-file/MIA%20-%20Mia.mp3.mp3,210.70367346938775,0,0,495,MIA,MIA - Drake,2018,"Drake, Bad Bunny",Spanish
777,TFOTF - Hey Ma (Spanish Version).mp3,Hey Ma (Spanish Version),songs-file/TFOTF%20-%20Hey%20Ma%20(Spanish%20Version).mp3.mp3,223.21632653061224,0,0,496,TFOTF,The Fate of the Furious,2017,"Pitbull, J Balvin",Spanish
778,TFOTF - Good Life.mp3,Good Life,songs-file/TFOTF%20-%20Good%20Life.mp3.mp3,231.209875,0,0,496,TFOTF,The Fate of the Furious,2017,"G-Eazy, Kehlani",English
779,FREDM - Right Now (Na Na Na).mp3,Right Now (Na Na Na),songs-file/FREDM%20-%20Right%20Now%20(Na%20Na%20Na).mp3.mp3,300.69551020408164,0,0,497,FREDM,Freedom,2008,Akon,English
781,DY - Con Calma.mp3,Con Calma,songs-file/DY%20-%20Con%20Calma.mp3,193.30612244897958,0,0,86,DY,Daddy Yankee,1994,Daddy Yankee,Spanish
782,FREDM - Beautiful.mp3,Beautiful,songs-file/FREDM%20-%20Beautiful.mp3,228.1534693877551,0,0,497,FREDM,Freedom,2008,Akon,English
783,FREDM - Don't Matter.mp3,Don't Matter,songs-file/FREDM%20-%20Don't%20Matter.mp3,244.00979591836736,0,0,497,FREDM,Freedom,2008,Akon,English
788,SLEI - Salaam-E-Ishq.mp3,Salaam-E-Ishq,songs-file/SLEI%20-%20Salaam-E-Ishq.mp3,424.75102040816324,0,0,327,SLEI,Salaam-E-Ishq,2007,"Sonu Nigam, Shankar Mahadevan, Kunal Ganjawala, Shreya Ghoshal, Sadhana Sargam",Hindi
789,KrisCotg - Suna Suna.mp3,Suna Suna,songs-file/KrisCotg%20-%20Suna%20Suna.mp3,407.6408163265306,0,0,498,KrisCotg,Krishna Cottage,2004,Shreya Ghoshal,Hindi
790,SeS - Waka Waka (This Time for Africa).mp3,Waka Waka (This Time for Africa),songs-file/SeS%20-%20Waka%20Waka%20(This%20Time%20for%20Africa).mp3,210.25335,0,0,501,SeS,Sale el Sol,2010,Shakira,"Spanish, English"
791,Dubi - Dubidubidu.mp3,Dubidubidu,songs-file/Dubi%20-%20Dubidubidu.mp3,225.0448979591837,0,0,502,Dubi,Dubidubidu,2003,Christell,Spanish
792,SLEI - Dil Kya Kare.mp3,Dil Kya Kare,songs-file/SLEI%20-%20Dil%20Kya%20Kare.mp3,327.88897959183674,0,0,327,SLEI,Salaam-E-Ishq,2007,"Adnan Sami, Shankar-Ehsaan-Loy, Sameer Anjaan",Hindi
793,FREDM - Lonely (Akon).mp3,Lonely (Akon),songs-file/FREDM%20-%20Lonely%20(Akon).mp3,236.12081632653062,0,0,497,FREDM,Freedom,2008,Akon,English
794,BllaCao - Bella Ciao.mp3,Bella Ciao,songs-file/BllaCao%20-%20Bella%20Ciao.mp3,134.7134693877551,0,0,503,BllaCao,Bella Ciao,2018,Manu Pilas,Italian
795,KhosKaGhos - Chak De Phattey.mp3,Chak De Phattey,songs-file/KhosKaGhos%20-%20Chak%20De%20Phattey.mp3,346.72326530612247,0,0,504,KhosKaGhos,Khosla Ka Ghosla!,2006,"Dhruv Dhalla, Bapi-Tutul, Kailash Kher","Punjabi, Hindi"
796,SIOSP - Mary On A Cross.mp3,Mary On A Cross,songs-file/SIOSP%20-%20Mary%20On%20A%20Cross.mp3,245.23755102040818,0,0,505,SIOSP,Seven Inches Of Satanic Panic,2019,Ghost,English
797,LMLYD - Love me like you do.mp3,Love me like you do,songs-file/LMLYD%20-%20Love%20me%20like%20you%20do.mp3,239.52,0,0,506,LMLYD,Love me like you do,2017,Ellie Goulding,English
798,NmsteLndn - Main Jahaan Rahoon.mp3,Main Jahaan Rahoon,songs-file/NmsteLndn%20-%20Main%20Jahaan%20Rahoon.mp3,382.56326530612245,0,0,507,NmsteLndn,Namastey London,2007,"Rahat Fateh Ali Khan, Krishna Beuraa",Hindi
799,RHTDM - Such Keh Raha Hai.mp3,Such Keh Raha Hai,songs-file/RHTDM%20-%20Such%20Keh%20Raha%20Hai.mp3,328.93387755102043,0,0,508,RHTDM,Rehnaa Hai Terre Dil Mein,2001,"KK, Harris Jayaraj",Hindi
800,MrNtwrlal - Pardesiya Yeh Sach Hai Piya (Remix).mp3,Pardesiya Yeh Sach Hai Piya (Remix),songs-file/MrNtwrlal%20-%20Pardesiya%20Yeh%20Sach%20Hai%20Piya%20(Remix).mp3,254.3386875,0,0,509,MrNtwrlal,Mr. Natwarlal,1979,"Kishore Kumar, Lata Mangeshkar",Hindi
801,BTB - One Love.mp3,One Love,songs-file/BTB%20-%20One%20Love.mp3,210.28571428571428,0,0,510,BTB,Beyond The Blue,1990,BlueOneLove,English
802,LTALMT - Cheri Cheri Lady.mp3,Cheri Cheri Lady,songs-file/LTALMT%20-%20Cheri%20Cheri%20Lady.mp3,197.0938775510204,0,0,511,LTALMT,Let's Talk About Love (Modern Talking),1985,Modern Talking,English
803,MTH - Besharmi Ki Height.mp3,Besharmi Ki Height,songs-file/MTH%20-%20Besharmi%20Ki%20Height.mp3,289.41061224489795,0,0,244,MTH,Main Tera Hero,2014,"Sajid-Wajid, Benny Dayal, Shalmali Kholgade",Hindi
804,KalaBzr - Paisa Bolta Hai.mp3,Paisa Bolta Hai,songs-file/KalaBzr%20-%20Paisa%20Bolta%20Hai.mp3,323.7355102040816,0,0,512,KalaBzr,Kala Bazaar,1989,Nitin Mukesh,Hindi
805,"LndrSrvc - Whenever, Wherever (from Live & Off the Record).mp3","Whenever, Wherever (from Live & Off the Record)",songs-file/LndrSrvc%20-%20Whenever%2C%20Wherever%20(from%20Live%20%26%20Off%20the%20Record).mp3,196.33632653061224,0,0,513,LndrSrvc,Laundry Service,2001,Shakira,English
806,LGBA - 7 Years.mp3,7 Years,songs-file/LGBA%20-%207%20Years.mp3,234.39673469387756,0,0,514,LGBA,Lukas Graham (Blue Album),2015,Lukas Graham,English
807,YehDilgi - Ole Ole.mp3,Ole Ole,songs-file/YehDilgi%20-%20Ole%20Ole.mp3,270.94204081632654,0,0,515,YehDilgi,Yeh Dillagi,1994,Abhijeet Bhattacharya,Hindi
808,AftrHrs - Blinding Lights.mp3,Blinding Lights,songs-file/AftrHrs%20-%20Blinding%20Lights.mp3,203.311,0,0,516,AftrHrs,After Hours,2020,Abel Tesfaye,English
809,MrBn - Crash.mp3,Crash,songs-file/MrBn%20-%20Crash.mp3,176.09142857142857,0,0,517,MrBn,Mr. Bean's Holiday,2007,Matt Willis,English
810,C07EAS - The Cycle.mp3,The Cycle,songs-file/C07EAS%20-%20The%20Cycle.mp3,232.15020408163267,0,0,519,C07EAS,Cricket 07 (EA Sports),2007,Unknown,English
811,C07EAS - Push To Talk- Problems.mp3,Push To Talk- Problems,songs-file/C07EAS%20-%20Push%20To%20Talk-%20Problems.mp3,227.616,0,0,519,C07EAS,Cricket 07 (EA Sports),2007,Unknown,English
812,C07EAS - The Rivers - Honest.mp3,The Rivers - Honest,songs-file/C07EAS%20-%20The%20Rivers%20-%20Honest.mp3,139.853787,0,0,519,C07EAS,Cricket 07 (EA Sports),2007,Unknown,English
813,C07EAS - Makuma.mp3,Makuma,songs-file/C07EAS%20-%20Makuma.mp3,208.631293,0,0,519,C07EAS,Cricket 07 (EA Sports),2007,Unknown,English
814,C07EAS - Killer Kat.mp3,Killer Kat,songs-file/C07EAS%20-%20Killer%20Kat.mp3,124.52571428571429,0,0,519,C07EAS,Cricket 07 (EA Sports),2007,Unknown,English
815,C07EAS - Maximus Dan - Love Generation.mp3,Maximus Dan - Love Generation,songs-file/C07EAS%20-%20Maximus%20Dan%20-%20Love%20Generation.mp3,272.161088,0,0,519,C07EAS,Cricket 07 (EA Sports),2007,Unknown,English
816,TCTC - Toca Toca.mp3,Toca Toca,songs-file/TCTC%20-%20Toca%20Toca.mp3,174.15836734693877,0,0,520,TCTC,Toca Toca,2012,Fly Project,English
817,LVD5A - Zunea-Zunea.mp3,Zunea-Zunea,songs-file/LVD5A%20-%20Zunea-Zunea.mp3,176.92734693877551,0,0,521,LVD5A,La varsta de 5 ani,2008,Cleopatra Stratan,Romanian
819,CBML - Can't Buy Me Loving (La La La).mp3,Can't Buy Me Loving (La La La),songs-file/CBML%20-%20Can't%20Buy%20Me%20Loving%20(La%20La%20La).mp3,204.86965986394557,0,0,523,CBML,Can't Buy Me Loving,2021,Rauf & Faik,"Russian, English"
820,TAYDK - SAD GIRLZ LUV MONEY.mp3,SAD GIRLZ LUV MONEY,songs-file/TAYDK%20-%20SAD%20GIRLZ%20LUV%20MONEY.mp3,204.84,0,0,524,TAYDK,The Angel You Don't Know,2020,Amaarae,English
821,KKHH - Koi Mil Gaya.mp3,Koi Mil Gaya,songs-file/KKHH%20-%20Koi%20Mil%20Gaya.mp3,437.7338775510204,0,0,232,KKHH,Kuch Kuch Hota Hai,1998,Jatin-Lalit,Hindi
822,MAARI - Maari Thara Local (Here Comes Maari).mp3,Maari Thara Local (Here Comes Maari),songs-file/MAARI%20-%20Maari%20Thara%20Local%20(Here%20Comes%20Maari).mp3,230.2722902494331,0,0,525,MAARI,Maari,2015,"Dhanush, Anirudh Ravichander",Tamil
823,Ktrtsu - Kiteretsu.mp3,Kiteretsu,songs-file/Ktrtsu%20-%20Kiteretsu.mp3,85.08081632653061,0,0,526,Ktrtsu,Kiteretsu Daihyakka,1974,Kiteretsu,"Hindi, Cartoon"
824,D - Doraemon Tracks (Collections of childhood).mp3,Doraemon Tracks (Collections of childhood),songs-file/D%20-%20Doraemon%20Tracks%20(Collections%20of%20childhood).mp3,1843.272,0,0,112,D,Doraemon,1979,Doraemon,"BGM, Cartoon"
825,HdLnd - MONSTER IN A SHIRT.mp3,MONSTER IN A SHIRT,songs-file/HdLnd%20-%20MONSTER%20IN%20A%20SHIRT.mp3,190.32816326530613,0,0,527,HdLnd,Headland,2006,Headland,English
826,Titnic - Titanic Theme (Trap Remix).mp3,Titanic Theme (Trap Remix),songs-file/Titnic%20-%20Titanic%20Theme%20(Trap%20Remix).mp3,239.976,0,0,528,Titnic,Titanic,1997,James Horner,"BGM, English"
827,MysRock - Lay Lay Lay La La La.mp3,Lay Lay Lay La La La,songs-file/MysRock%20-%20Lay%20Lay%20Lay%20La%20La%20La.mp3,215.208,0,0,529,MysRock,Mysterious Rock,2020,Jamal Belal,Arabic
828,DIML - It's My Life.mp3,It's My Life,songs-file/DIML%20-%20It's%20My%20Life.mp3,240.072,0,0,530,DIML,Dr. Alban It's My Life,1992,"Denniz Pop, Dr. Alban",English
829,HRTLS - Main Dhoondne Ko Zamaane Mein (Remix).mp3,Main Dhoondne Ko Zamaane Mein (Remix),songs-file/HRTLS%20-%20Main%20Dhoondne%20Ko%20Zamaane%20Mein%20(Remix).mp3,264.24,0,0,155,HRTLS,Heartless,2014,Arijit Singh,Hindi
830,DORIE - Hum Kis Galli Jaa Rahe Hai.mp3,Hum Kis Galli Jaa Rahe Hai,songs-file/DORIE%20-%20Hum%20Kis%20Galli%20Jaa%20Rahe%20Hai.mp3,301.03510204081635,0,0,531,DORIE,Doorie,2006,Atif Aslam,Hindi
831,JAILR - Hukum – Thalaivar Alappara.mp3,Hukum – Thalaivar Alappara,songs-file/JAILR - Hukum – Thalaivar Alappara.mp3,206.712,0,0,532,JAILR,Jailer,2023,"Anirudh Ravichander, Rajinikanth",Tamil
832,TZH - Dil Diyan Gallan.mp3,Dil Diyan Gallan,songs-file/TZH%20-%20Dil%20Diyan%20Gallan.mp3,260.57142857142856,0,0,533,TZH,Tiger Zinda Hai,2017,Atif Aslam,Hindi
833,GNIUS - Dil Meri Na Sune.mp3,Dil Meri Na Sune,songs-file/GNIUS%20-%20Dil%20Meri%20Na%20Sune.mp3,236.04,0,0,534,GNIUS,Genius,2018,Atif Aslam,Hindi
834,FLS - Pehli Dafa.mp3,Pehli Dafa,songs-file/FLS%20-%20Pehli%20Dafa.mp3,282.312,0,0,535,FLS,First Love Songs,2017,Atif Aslam,Hindi
835,BGMC - Dekhte Dekhte.mp3,Dekhte Dekhte,songs-file/BGMC%20-%20Dekhte%20Dekhte.mp3,255.12,0,0,536,BGMC,Batti Gul Meter Chalu,2018,Atif Aslam,Hindi
836,SWNRI - Musafir.mp3,Musafir,songs-file/SWNRI%20-%20Musafir.mp3,310.75265306122446,0,0,537,SWNRI,Sweetiee weds NRI,2017,Atif Aslam,Hindi
837,AFJ - Toota Jo Kabhi Tara.mp3,Toota Jo Kabhi Tara,songs-file/AFJ%20-%20Toota%20Jo%20Kabhi%20Tara.mp3,283.824,0,0,538,AFJ,A Flying Jatt,2016,"Sumedha Karmahe, Atif Aslam",Hindi
838,DORIE - Kuch Is Tarah.mp3,Kuch Is Tarah,songs-file/DORIE%20-%20Kuch%20Is%20Tarah.mp3,313.44,0,0,531,DORIE,Doorie,2006,Atif Aslam,Hindi
839,MSD - PHIR KABHI.mp3,PHIR KABHI,songs-file/MSD%20-%20PHIR%20KABHI.mp3,215.16,0,0,539,MSD,M.S. Dhoni: The Untold Story,2016,"Arijit Singh, Armaan Malik",Hindi
840,MSD - JAB TAK.mp3,JAB TAK,songs-file/MSD%20-%20JAB%20TAK.mp3,210.864,0,0,539,MSD,M.S. Dhoni: The Untold Story,2016,"Amaal Mallik, Armaan Malik",Hindi
841,MSD - KAUN TUJHE.mp3,KAUN TUJHE,songs-file/MSD%20-%20KAUN%20TUJHE.mp3,215.544,0,0,539,MSD,M.S. Dhoni: The Untold Story,2016,"Amaal Mallik, Palak Muchhal",Hindi
842,AngMdum - Ek Zindagi.mp3,Ek Zindagi,songs-file/AngMdum%20-%20Ek%20Zindagi.mp3,168.792,0,0,540,AngMdum,Angrezi Medium,2020,"Taniska Sanghvi, Sachin-Jigar",Hindi
843,MSD - BESABRIYAAN.mp3,BESABRIYAAN,songs-file/MSD%20-%20BESABRIYAAN.mp3,210.0,0,0,539,MSD,M.S. Dhoni: The Untold Story,2016,"Amaal Mallik, Armaan Malik",Hindi
844,DSORDS - Waste.mp3,Waste,songs-file/DSORDS%20-%20Waste.mp3,124.68,0,0,541,DSORDS,DISORDERS,2021,Kxllswxtch,English
845,ENCR - Mockingbird.mp3,Mockingbird,songs-file/ENCR%20-%20Mockingbird.mp3,257.88,0,0,542,ENCR,Encore,2004,Eminem,English
846,TPCV1 - In the End (Linkin Park).mp3,In the End (Linkin Park),songs-file/TPCV1%20-%20In%20the%20End%20(Linkin%20Park).mp3,218.544,0,0,543,TPCV1,Tommee Profitt Covers (Vol. 1),2020,Tommee Profitt,English
848,HybTeory - Linkin Park - In the End.mp3,Linkin Park - In the End,songs-file/HybTeory%20-%20Linkin%20Park%20-%20In%20the%20End.mp3,218.256,0,0,545,HybTeory,Hybrid Theory,2000,Linkin Park,English
849,MainRoya - Maine Royaan.mp3,Maine Royaan,songs-file/MainRoya%20-%20Maine%20Royaan.mp3,283.42857142857144,0,0,546,MainRoya,Maine Royaan,2012,"Tanveer Evan, Piran Khan",Hindi
850,1Dnce - One Dance.mp3,One Dance,songs-file/1Dnce%20-%20One%20Dance.mp3,174.96,0,0,547,1Dnce,One Dance,2016,Drake,English
851,ATW - As It Was.mp3,As It Was,songs-file/ATW%20-%20As%20It%20Was.mp3,165.69469387755103,0,0,548,ATW,As It Was,2022,Harry Styles,English
852,MayNoDor - Mayonaka no Door / Stay With Me.mp3,Mayonaka no Door / Stay With Me,songs-file/%20Stay%20With%20Me.mp3,343.0922448979592,0,0,549,MayNoDor,Mayonaka no Door,1979,Miki Matsubara,"Korean, English"
853,SCRPN - God's Plan.mp3,God's Plan,songs-file/SCRPN%20-%20God's%20Plan.mp3,199.02693877551022,0,0,550,SCRPN,Scorpion,2018,Drake,English
854,SCRPN - In My Feelings.mp3,In My Feelings,songs-file/SCRPN%20-%20In%20My%20Feelings.mp3,236.616,0,0,550,SCRPN,Scorpion,2018,Drake,English
855,LSfTS - Love Story (Kid Version).mp3,Love Story (Kid Version),songs-file/LSfTS%20-%20Love%20Story%20(Kid%20Version).mp3,94.45877551020408,0,0,551,LSfTS,Love Story (From Taylor Swift),2008,Liane,English
856,LSfTS - Love Story (Taylor Swift).mp3,Love Story (Taylor Swift),songs-file/LSfTS%20-%20Love%20Story%20(Taylor%20Swift).mp3,236.59102040816327,0,0,551,LSfTS,Love Story (From Taylor Swift),2008,Taylor Swift,English
857,CEDVRST - Close Eyes.mp3,Close Eyes,songs-file/CEDVRST%20-%20Close%20Eyes.mp3,132.54530612244898,0,0,552,CEDVRST,Close Eyes,2021,DVRST,"BGM, English"
858,AMW - Astronaut in the Ocean.mp3,Astronaut in the Ocean,songs-file/AMW%20-%20Astronaut%20in%20the%20Ocean.mp3,132.31020408163266,0,0,553,AMW,Astronomical (Masked Wolf),2021,Masked Wolf,English
859,BilNr - Bilionera.mp3,Bilionera,songs-file/BilNr%20-%20Bilionera.mp3,185.208,0,0,554,BilNr,Bilionera,2014,Otilia Brumă,"Spanish, English"
860,ALTO - Another Love.mp3,Another Love,songs-file/ALTO%20-%20Another%20Love.mp3,247.6669387755102,0,0,555,ALTO,Another Love,2012,Tom Odell,English
861,U - Bewafa.mp3,Bewafa,songs-file/U%20-%20Bewafa.mp3,222.85333333333332,0,0,386,U,Unforgettable,2008,Imran Khan,"Punjabi, Hindi"
862,MCCv140 - Skyfall.mp3,Skyfall,songs-file/MCCv140%20-%20Skyfall.mp3,289.41061224489795,0,0,556,MCCv140,"Mastermix Classic Cuts, Volume 140: Modern Ballads",2014,Adele,English
863,StLo - Stereo Love (Slowed).mp3,Stereo Love (Slowed),songs-file/StLo%20-%20Stereo%20Love%20(Slowed).mp3,279.864,0,0,413,StLo,Stereo Love,2009,"Edward Maya, Vika Jigulina",English
864,BORDCST - (I Just) Died in Your Arms.mp3,(I Just) Died in Your Arms,songs-file/BORDCST%20-%20(I%20Just)%20Died%20in%20Your%20Arms.mp3,271.128,0,0,557,BORDCST,Broadcast,1986,Cutting Crew,English
865,MEMR - Distant Echoes.mp3,Distant Echoes,songs-file/MEMR%20-%20Distant%20Echoes.mp3,183.771425,0,0,702,DISTNTECOS,Distant Echoes,2023,Narvent,"BGM, English"
866,HnF - Somewhere Only We Know.mp3,Somewhere Only We Know,songs-file/HnF%20-%20Somewhere%20Only%20We%20Know.mp3,236.64326530612246,0,0,558,HnF,Hopes and Fears,2004,Keane,English
867,STVOM - Love Your Voice.mp3,Love Your Voice,songs-file/STVOM%20-%20Love%20Your%20Voice.mp3,150.70045,0,0,559,STVOM,Spisok tvoikh mysley,2019,JONY,"Russian, English"
868,AMW - Astronaut in the Ocean (GANGSTER GANG).mp3,Astronaut in the Ocean (GANGSTER GANG),songs-file/AMW%20-%20Astronaut%20in%20the%20Ocean%20(GANGSTER%20GANG).mp3,148.636775,0,0,553,AMW,Astronomical (Masked Wolf),2021,Masked Wolf,English
869,Ptrk - Petrunko (GANGSTER GANG).mp3,Petrunko (GANGSTER GANG),songs-file/Ptrk%20-%20Petrunko%20(GANGSTER%20GANG).mp3,194.1682,0,0,560,Ptrk,Petrunko,2020,Unknown,"Russian, English"
870,RIIS - Rockstar (GANSTER GANG).mp3,Rockstar (GANSTER GANG),songs-file/RIIS%20-%20Rockstar%20(GANSTER%20GANG).mp3,210.886525,0,0,561,RIIS,Rockstar (Ilkay Sencan),2019,"Dynoro, Ilkay Sencan",English
871,MINW - Ainsi bas la vida (GANGSTER GANG).mp3,Ainsi bas la vida (GANGSTER GANG),songs-file/MINW%20-%20Ainsi%20bas%20la%20vida%20(GANGSTER%20GANG).mp3,149.8906,0,0,562,MINW,Mini World,2014,Indila,French
872,HDDCS - Tadap Tadap.mp3,Tadap Tadap,songs-file/HDDCS%20-%20Tadap%20Tadap.mp3,398.96816326530615,0,0,563,HDDCS,Hum Dil De Chuke Sanam,1999,"Ismail Darbar, Dominique Cerejo, Mehboob, KK",Hindi
873,WZIR - Tere Bin (Wazir).mp3,Tere Bin (Wazir),songs-file/WZIR%20-%20Tere%20Bin%20(Wazir).mp3,245.05469387755102,0,0,564,WZIR,Wazir,2016,"Shreya Ghoshal, Sonu Nigam",Hindi
874,Ccktl - Daaru Desi.mp3,Daaru Desi,songs-file/Ccktl%20-%20Daaru%20Desi.mp3,269.6620408163265,0,0,565,Ccktl,Cocktail,2012,"Pritam Chakraborty, Benny Dayal, Shalmali Kholgade",Hindi
875,"DSTN - Desi Girl (From ""Dostana"").mp3","Desi Girl (From ""Dostana"")",songs-file/DSTN%20-%20Desi%20Girl%20(From%20Dostana).mp3,307.01714285714286,0,0,113,DSTN,Dostana,2008,"Vishal Dadlani, Sunidhi Chauhan, Shekhar Ravjiani, Shankar-Ehsaan-Loy",Hindi
876,IHLS - I Hate Luv Storys.mp3,I Hate Luv Storys,songs-file/IHLS%20-%20I%20Hate%20Luv%20Storys.mp3,285.38775510204084,0,0,173,IHLS,I Hate Luv Storys,2010,Vishal Dadlani,Hindi
877,PRDA - Prada.mp3,Prada,songs-file/PRDA%20-%20Prada.mp3,177.76326530612246,0,0,566,PRDA,Prada,2019,Jass Manak,Punjabi
878,Khb - Khaab.mp3,Khaab,songs-file/Khb%20-%20Khaab.mp3,201.76979591836735,0,0,567,Khb,Khaab,2016,Akhil,Punjabi
879,Skhyn - Sakhiyaan.mp3,Sakhiyaan,songs-file/Skhyn%20-%20Sakhiyaan.mp3,179.38285714285715,0,0,568,Skhyn,Sakhiyaan,2018,Maninder Buttar,Punjabi
880,KJL - Kale Je Libaas.mp3,Kale Je Libaas,songs-file/KJL%20-%20Kale%20Je%20Libaas.mp3,265.50857142857143,0,0,569,KJL,Kale Je Libaas,2021,Kaka (Ravinder Singh),Punjabi
881,LNGA - Lehanga.mp3,Lehanga,songs-file/LNGA%20-%20Lehanga.mp3,210.49469387755101,0,0,570,LNGA,Lehanga,2019,Jass Manak,Punjabi
882,XCUSS - Excuses.mp3,Excuses,songs-file/XCUSS%20-%20Excuses.mp3,176.3004081632653,0,0,571,XCUSS,Excuses,2020,"Gurinder Gill,, AP Dhillon, INTENSE",Punjabi
883,NGIN - Mera Dil Yeh Pukare Aaja.mp3,Mera Dil Yeh Pukare Aaja,songs-file/NGIN%20-%20Mera%20Dil%20Yeh%20Pukare%20Aaja.mp3,194.08979591836734,0,0,572,NGIN,Nagin,1954,Lata Mangeshkar,Hindi
884,BM - Gunaah.mp3,Gunaah,songs-file/BM%20-%20Gunaah.mp3,289.2016326530612,0,0,60,BM,Blood Money,2012,"Jeet Ganguly, Mustafa Zahid",Hindi
885,M3 - Hum Jee Lenge.mp3,Hum Jee Lenge,songs-file/M3%20-%20Hum%20Jee%20Lenge.mp3,275.304,0,0,261,M3,Murder 3,2013,Mustafa Zahid,Hindi
886,"INCPON - Non, je ne regrette rien.mp3","Non, je ne regrette rien",songs-file/INCPON%20-%20Non%2C%20je%20ne%20regrette%20rien.mp3,142.55020408163264,0,0,573,INCPON,Inception,2010,Édith Piaf,French
887,UPHRIS - Amour plastique.mp3,Amour plastique,songs-file/UPHRIS%20-%20Amour%20plastique.mp3,232.17632653061224,0,0,574,UPHRIS,Euphories,2021,"Adèle Castillon, Mattyeux",French
888,UTPA - FE!N.mp3,FE!N,songs-file/UTPA%20-%20FE!N.mp3,209.6326530612245,0,0,575,UTPA,UTOPIA,2023,Travis Scott,English
890,AMDGMAAF - Runaway.mp3,Runaway,songs-file/AMDGMAAF%20-%20Runaway.mp3,249.9395918367347,0,0,577,AMDGMAAF,All My Demons Greeting Me as a Friend,2016,AURORA,English
891,BgDGs - Big Dawgs.mp3,Big Dawgs,songs-file/BgDGs%20-%20Big%20Dawgs.mp3,188.13387755102042,0,0,578,BgDGs,Big Dawgs,2024,HanuMankind,English
892,Мйм - Мой мармеладный (Tiktok version).mp3,Мой мармеладный (Tiktok version),songs-file/Мйм - Мой мармеладный (Tiktok version).mp3,204.04244897959182,0,0,580,Мйм,Мой мармеладный (Я не права) (My marmalade),2010,Катя Лель (Katya Lel),Russian
893,Мйм - Мой мармеладный (Original).mp3,Мой мармеладный (Original),songs-file/Мйм - Мой мармеладный (Original).mp3,200.96,0,0,580,Мйм,Мой мармеладный (Я не права) (My marmalade),2010,Катя Лель (Katya Lel),Russian
894,SXBT - Mr. Saxobeat.mp3,Mr. Saxobeat,songs-file/SXBT%20-%20Mr.%20Saxobeat.mp3,193.5934693877551,0,0,581,SXBT,Saxobeat,2011,Alexandra Stan,English
895,KNPH - Na Tum Jano Na Hum.mp3,Na Tum Jano Na Hum,songs-file/KNPH%20-%20Na%20Tum%20Jano%20Na%20Hum.mp3,395.31102040816324,0,0,206,KNPH,Kaho Naa... Pyaar Hai,1999,Lucky Ali,Hindi
896,SUNOH - O Sanam.mp3,O Sanam,songs-file/SUNOH%20-%20O%20Sanam.mp3,223.05959183673468,0,0,582,SUNOH,Sunoh,1995,Lucky Ali,Hindi
897,TMSHA - Agar Tum Saath Ho.mp3,Agar Tum Saath Ho,songs-file/TMSHA%20-%20Agar%20Tum%20Saath%20Ho.mp3,341.0808163265306,0,0,583,TMSHA,Tamasha,2015,"Alka Yagnik, Arijit Singh",Hindi
898,TMSHA - Safarnama.mp3,Safarnama,songs-file/TMSHA%20-%20Safarnama.mp3,251.42857142857142,0,0,583,TMSHA,Tamasha,2015,Lucky Ali,Hindi
899,CKTF - Love Nwantiti (Slowed).mp3,Love Nwantiti (Slowed),songs-file/CKTF%20-%20Love%20Nwantiti%20(Slowed).mp3,243.04326530612244,0,0,584,CKTF,CKay the First,2019,CKay,English
900,ATNTION - Attention (Slowed & Reverb).mp3,Attention (Slowed & Reverb),songs-file/ATNTION%20-%20Attention%20(Slowed%20%26%20Reverb).mp3,232.82938775510203,0,0,585,ATNTION,Attention,2017,Charlie Puth,English
901,COP - Conquest of Paradise.mp3,Conquest of Paradise,songs-file/COP%20-%20Conquest%20of%20Paradise.mp3,142.75918367346938,0,0,586,COP,1492: Conquest of Paradise,1992,Vangelis,"BGM, English"
902,G - Barso Re.mp3,Barso Re,songs-file/G%20-%20Barso%20Re.mp3,282.51428571428573,0,0,145,G,Guru,2007,"Shreya Ghoshal, A. R. Rahman, Udai Mazumdar",Hindi
903,KETGRL - Sleepwalker.mp3,Sleepwalker,songs-file/KETGRL%20-%20Sleepwalker.mp3,210.2595918367347,0,0,587,KETGRL,Ketamine Girl,2023,akiaura,English
904,STRBY - Starboy (Sped Up & Reverb).mp3,Starboy (Sped Up & Reverb),songs-file/STRBY%20-%20Starboy%20(Sped%20Up%20%26%20Reverb).mp3,214.83102040816325,0,0,588,STRBY,Starboy,2016,Abel Tesfaye,English
905,MEMR - Fainted (Sped Up).mp3,Fainted (Sped Up),songs-file/MEMR%20-%20Fainted%20(Sped%20Up).mp3,198.19102040816327,0,0,701,FNTD,Fainted,2024,Narvent,"BGM, English"
906,MEMR - CRYSTAL DREAMS.mp3,CRYSTAL DREAMS,songs-file/MEMR%20-%20CRYSTAL%20DREAMS.mp3,190.0930612244898,0,0,700,CRYDRM,CRYSTAL DREAMS,2024,Narvent,"BGM, English"
907,MEMR - SEA OF FEELINGS.mp3,SEA OF FEELINGS,songs-file/MEMR%20-%20SEA%20OF%20FEELINGS.mp3,172.4604081632653,0,0,699,SEOFILNGS,SEA OF FEELINGS,2024,Narvent,"BGM, English"
908,MEMR - The Perfect Girl.mp3,The Perfect Girl,songs-file/MEMR%20-%20The%20Perfect%20Girl.mp3,119.51020408163265,0,0,698,TPRFGIR,The Perfect Girl,2024,Narvent,"BGM, English"
909,MEMR - Her Eyes.mp3,Her Eyes,songs-file/MEMR%20-%20Her%20Eyes.mp3,244.32326530612244,0,0,697,HREYS,Her Eyes,2024,Narvent,"BGM, English"
910,MEMR - Obsessed.mp3,Obsessed,songs-file/MEMR%20-%20Obsessed.mp3,198.7395918367347,0,0,696,OBSSD,Obsessed,2024,Narvent,"BGM, English"
911,MEMR - Vintage Sadness.mp3,Vintage Sadness,songs-file/MEMR%20-%20Vintage%20Sadness.mp3,223.6865306122449,0,0,695,VNTGSAD,Vintage Sadness,2024,Narvent,"BGM, English"
912,MEMR - Fake Love.mp3,Fake Love,songs-file/MEMR%20-%20Fake%20Love.mp3,180.08816326530612,0,0,694,FKLV,Fake Love,2024,Narvent,"BGM, English"
913,MEMR - Worship Me.mp3,Worship Me,songs-file/MEMR%20-%20Worship%20Me.mp3,214.23020408163265,0,0,693,WRSHIPME,Worship Me,2024,Narvent,"BGM, English"
914,MEMR - Real For Me.mp3,Real For Me,songs-file/MEMR%20-%20Real%20For%20Me.mp3,177.03183673469388,0,0,692,REL4ME,Real For Me,2024,Narvent,"BGM, English"
915,MEMR - Partiality.mp3,Partiality,songs-file/MEMR%20-%20Partiality.mp3,196.88489795918366,0,0,691,PRTILTY,Partiality,2023,Narvent,"BGM, English"
916,MEMR - First Snow.mp3,First Snow,songs-file/MEMR%20-%20First%20Snow.mp3,206.18448979591838,0,0,690,FSTSNO,First Snow,2023,Narvent,"BGM, English"
917,MEMR - Daydream.mp3,Daydream,songs-file/MEMR%20-%20Daydream.mp3,173.7404081632653,0,0,689,DYDRM,Daydream,2024,Narvent,"BGM, English"
918,MEMR - Florescence.mp3,Florescence,songs-file/MEMR%20-%20Florescence.mp3,181.1069387755102,0,0,688,FLRSCNCE,Florescence,2024,Narvent,"BGM, English"
919,MEMR - Shattered Memories.mp3,Shattered Memories,songs-file/MEMR%20-%20Shattered%20Memories.mp3,183.82367346938776,0,0,687,SHTRDMMRES,Shattered Memories,2024,Narvent,"BGM, English"
920,MEMR - Miss You.mp3,Miss You,songs-file/MEMR%20-%20Miss%20You.mp3,254.92897959183674,0,0,686,MISU,Miss You,2024,Narvent,"BGM, English"
921,MEMR - Winter Memories.mp3,Winter Memories,songs-file/MEMR%20-%20Winter%20Memories.mp3,179.4612244897959,0,0,685,WNTRMMRES,Winter Memories,2024,Narvent,"BGM, English"
922,MEMR - Lost Memory.mp3,Lost Memory,songs-file/MEMR%20-%20Lost%20Memory.mp3,158.27591836734695,0,0,684,LSTMMRY,Lost Memory,2024,Narvent,"BGM, English"
923,MEMR - Moonlit.mp3,Moonlit,songs-file/MEMR%20-%20Moonlit.mp3,169.2995918367347,0,0,683,MONLIT,Moonlit,2024,Narvent,"BGM, English"
924,MEMR - Euphoria.mp3,Euphoria,songs-file/MEMR%20-%20Euphoria.mp3,202.10938775510203,0,0,682,UPHRIA,Euphoria (Memory Reboot),2024,Narvent,"BGM, English"
925,MEMR - BRODYAGA SYNTH.mp3,BRODYAGA SYNTH,songs-file/MEMR%20-%20BRODYAGA%20SYNTH.mp3,161.98530612244897,0,0,681,BDYSNTH,BRODYAGA SYNTH,2024,Narvent,"BGM, English"
926,MEMR - Revival.mp3,Revival,songs-file/MEMR%20-%20Revival.mp3,230.4522448979592,0,0,680,RVIVL,Revival,2024,Narvent,"BGM, English"
927,MEMR - Interlinked.mp3,Interlinked,songs-file/MEMR%20-%20Interlinked.mp3,206.7330612244898,0,0,679,INTRLNKD,Interlinked,2024,Narvent,"BGM, English"
928,MEMR - Isolated Reality.mp3,Isolated Reality,songs-file/MEMR%20-%20Isolated%20Reality.mp3,194.37714285714284,0,0,678,ISRL,Isolated Reality,2024,Narvent,"BGM, English"
929,MEMR - Silent Tears.mp3,Silent Tears,songs-file/MEMR%20-%20Silent%20Tears.mp3,167.62775510204082,0,0,677,SLTR,Silent Tears,2024,Narvent,"BGM, English"
930,Titnic - My Heart Will Go On (Titanic).mp3,My Heart Will Go On (Titanic),songs-file/Titnic%20-%20My%20Heart%20Will%20Go%20On%20(Titanic).mp3,269.5314285714286,0,0,528,Titnic,Titanic,1997,James Horner,Instrumental
931,MNM - Песня юного художника (Song of the Young Artist).mp3,Песня юного художника (Song of the Young Artist),songs-file/MNM - Песня юного художника (Song of the Young Artist).mp3,123.01061224489796,0,0,589,MNM,Маша и Медведь (Masha and the Bear),2009,Alina Kukushkina,"Russian, Cartoon"
932,CtDprsd - CUTE DEPRESSED.mp3,CUTE DEPRESSED,songs-file/CtDprsd%20-%20CUTE%20DEPRESSED.mp3,97.07102040816326,0,0,590,CtDprsd,CUTE DEPRESSED,2024,Dyan Dxddy,"BGM, English"
933,SLY - SLAY!.mp3,SLAY!,songs-file/SLY%20-%20SLAY!.mp3,121.39102040816327,0,0,591,SLY,SLAY!,2024,Eternxlkz,"BGM, English"
934,MntgmC - MONTAGEM CORAL.mp3,MONTAGEM CORAL,songs-file/MntgmC%20-%20MONTAGEM%20CORAL.mp3,145.13632653061225,0,0,592,MntgmC,MONTAGEM CORAL,2023,Eru Flow Flame,"BGM, English"
935,ZDIVK - DERNIERE DANCE FUNK.mp3,DERNIERE DANCE FUNK,songs-file/ZDIVK%20-%20DERNIERE%20DANCE%20FUNK.mp3,91.55918367346939,0,0,593,ZDIVK,Zodivk,2024,Zodivk,"BGM, English"
936,LLYB - LOVELY BASTARDS.mp3,LOVELY BASTARDS,songs-file/LLYB%20-%20LOVELY%20BASTARDS.mp3,116.21877551020408,0,0,594,LLYB,LOVELY BASTARDS,2023,"ZWE1HVNDXR, yatashigang","BGM, English"
937,ApsraMsic - Pichhe Pichhe.mp3,Pichhe Pichhe,songs-file/ApsraMsic%20-%20Pichhe%20Pichhe.mp3,167.184,0,0,595,ApsraMsic,Apsara Music,2024,Abhinay Sharma,Hindi
938,COP - Conquest of Paradise (Original).mp3,Conquest of Paradise (Original),songs-file/COP%20-%20Conquest%20of%20Paradise%20(Original).mp3,288.1385625,0,0,586,COP,1492: Conquest of Paradise,1992,Vangelis,"BGM, English"
939,BHBH - Mere Dholna.mp3,Mere Dholna,songs-file/BHBH%20-%20Mere%20Dholna.mp3,407.06612244897957,0,0,55,BHBH,Bhool Bhulaiyaa,2007,"M. G. Sreekumar, Shreya Ghoshal",Hindi
940,COF - Chariots of Fire.mp3,Chariots of Fire,songs-file/COF%20-%20Chariots%20of%20Fire.mp3,206.6343537414966,0,0,596,COF,Chariots of Fire,1981,Vangelis,"BGM, English"
941,FAWADHA - Usurper.mp3,Usurper,songs-file/FAWADHA%20-%20Usurper.mp3,216.73795918367347,0,0,597,FAWADHA,Fallen Angel (We're All Down Here Alone),2024,NXCRE,English
942,GsP - Gangsta's Paradise.mp3,Gangsta's Paradise,songs-file/GsP%20-%20Gangsta's%20Paradise.mp3,256.18285714285713,0,0,598,GsP,Gangsta's Paradise,1995,Coolio,English
943,TUV - Venger (5th Track).mp3,Venger (5th Track),songs-file/TUV%20-%20Venger%20(5th%20Track).mp3,308.304,0,0,599,TUV,The Uncanny Valley,2020,Perturbator,English
944,WdSy - Suicide Year.mp3,Suicide Year,songs-file/WdSy%20-%20Suicide%20Year.mp3,92.04,0,0,600,WdSy,Weedmane & Suicideyear,2020,Narvent,"BGM, English"
945,AMWTM - Killers From the Northside.mp3,Killers From the Northside,songs-file/AMWTM%20-%20Killers%20From%20the%20Northside.mp3,187.536,0,0,601,AMWTM,A MILLION WAYS TO MURDER,2023,KORDHELL,"BGM, English"
946,Albi - Alibi.mp3,Alibi,songs-file/Albi%20-%20Alibi.mp3,155.16,0,0,602,Albi,Alibi,2024,Sevdaliza,English
947,Pris - Paris.mp3,Paris,songs-file/Pris%20-%20Paris.mp3,209.808,0,0,603,Pris,Paris,2016,Else,"BGM, English"
948,FMF - Love Is a Long Road.mp3,Love Is a Long Road,songs-file/FMF%20-%20Love%20Is%20a%20Long%20Road.mp3,247.008,0,0,604,FMF,Full Moon Fever,1989,Tom Petty,English
949,WIL - Rockabye.mp3,Rockabye,songs-file/WIL%20-%20Rockabye.mp3,253.96244897959184,0,0,605,WIL,What Is Love?,2018,Clean Bandit,English
950,Clage - Don't Let Me Down.mp3,Don't Let Me Down,songs-file/Clage%20-%20Don't%20Let%20Me%20Down.mp3,217.9395918367347,0,0,606,Clage,Collage,2016,The Chainsmokers,English
951,CrimEP - Crimson.mp3,Crimson,songs-file/CrimEP%20-%20Crimson.mp3,198.504,0,0,607,CrimEP,Crimson - EP,2019,Chase Goehring,English
952,Mltdwn - Timber.mp3,Timber,songs-file/Mltdwn%20-%20Timber.mp3,214.056,0,0,608,Mltdwn,Meltdown,2013,Pitbull,English
953,SnL - Bailando.mp3,Bailando,songs-file/SnL%20-%20Bailando.mp3,286.824,0,0,609,SnL,Sex and Love,2014,Enrique Iglesias,Spanish
955,SLR - Súbeme la radio.mp3,Súbeme la radio,songs-file/SLR - Súbeme la radio.mp3,232.608,0,0,610,SLR,Súbeme la radio,2017,Enrique Iglesias,Spanish
956,MINLE - Poopol Poopol (Instrumental).mp3,Poopol Poopol (Instrumental),songs-file/MINLE%20-%20Poopol%20Poopol%20(Instrumental).mp3,116.64,0,0,611,MINLE,Minnalae,2001,Tippu,"BGM, Tamil"
957,DISNM - Death Is No More.mp3,Death Is No More,songs-file/DISNM%20-%20Death%20Is%20No%20More.mp3,138.528,0,0,612,DISNM,Death Is No More,2021,BLESSED MANE,"BGM, English"
958,MIMM - Murder in My Mind.mp3,Murder in My Mind,songs-file/MIMM%20-%20Murder%20in%20My%20Mind.mp3,145.056,0,0,613,MIMM,Murder in My Mind,2023,KORDHELL,"BGM, English"
959,Phntn - Saware.mp3,Saware,songs-file/Phntn%20-%20Saware.mp3,321.41061224489795,0,0,614,Phntn,Phantom,2015,Arijit Singh,Hindi
960,BIBA - BIBA.mp3,BIBA,songs-file/BIBA%20-%20BIBA.mp3,175.77795918367346,0,0,615,BIBA,BIBA,2019,"Marshmello, Pritam Chakraborty",Hindi
961,Aln - Alone (Marshmello).mp3,Alone (Marshmello),songs-file/Aln%20-%20Alone%20(Marshmello).mp3,199.54938775510203,0,0,616,Aln,Alone - Marshmello,2016,Marshmello,"BGM, English"
962,TSpctre - The Spectre.mp3,The Spectre,songs-file/TSpctre%20-%20The%20Spectre.mp3,193.85469387755103,0,0,617,TSpctre,The Spectre,2017,Alan Walker,"BGM, English"
963,HpyN - Happy Nation.mp3,Happy Nation,songs-file/HpyN%20-%20Happy%20Nation.mp3,255.456,0,0,618,HpyN,Happy Nation,1992,Ace Of Base,"Latin, English"
964,III - Kerosene.mp3,Kerosene,songs-file/III%20-%20Kerosene.mp3,192.12,0,0,619,III,III,2012,Crystal Castles,"BGM, English"
965,ETZ - sudno (Boris Ryzhy).mp3,sudno (Boris Ryzhy),songs-file/ETZ%20-%20sudno%20(Boris%20Ryzhy).mp3,149.136,0,0,620,ETZ,Etazhi,2018,Molchat Doma,Russian
966,Clndstn - Clandestina.mp3,Clandestina,songs-file/Clndstn%20-%20Clandestina.mp3,146.184,0,0,621,Clndstn,Clandestina,2000,JVSTIN,"Spanish, French"
967,FstAva - Fast Ava.mp3,Fast Ava,songs-file/FstAva%20-%20Fast%20Ava.mp3,182.76,0,0,622,FstAva,Fast Ava,2014,FAMY,English
968,NSLQVPM - MONACO.mp3,MONACO,songs-file/NSLQVPM%20-%20MONACO.mp3,267.408,0,0,623,NSLQVPM,Nadie Sabe Lo Que Va a Pasar Mañana,2023,Bad Bunny,Spanish
969,FLXWV - Fluxxwave.mp3,Fluxxwave,songs-file/FLXWV%20-%20Fluxxwave.mp3,150.48,0,0,624,FLXWV,Fluxxwave,2023,Clovis Reyes,"BGM, English"
970,FLXWV - Fluxxwave (Slowed + Reverb).mp3,Fluxxwave (Slowed + Reverb),songs-file/FLXWV - Fluxxwave (Slowed + Reverb).mp3,161.808,0,0,624,FLXWV,Fluxxwave,2023,Clovis Reyes,"BGM, English"
971,"WFW - Alone, Pt. II.mp3","Alone, Pt. II",songs-file/WFW%20-%20Alone%2C%20Pt.%20II.mp3,179.328,0,0,625,WFW,World of Walker,2021,"Alan Walker, Ava Max",English
972,DB - Bhaag D.K. Bose.mp3,Bhaag D.K. Bose,songs-file/DB%20-%20Bhaag%20D.K.%20Bose.mp3,241.37142857142857,0,0,93,DB,Delhi Belly,2011,Ram Sampath,Hindi
973,TrInzr - Tera Intezar.mp3,Tera Intezar,songs-file/TrInzr%20-%20Tera%20Intezar.mp3,297.1689795918367,0,0,626,TrInzr,Tera Intezar (Rahul Vaidya),2005,Rahul Vaidya,Hindi
974,MBKD - Madhubala.mp3,Madhubala,songs-file/MBKD%20-%20Madhubala.mp3,263.0791836734694,0,0,252,MBKD,Mere Brother Ki Dulhan,2011,"Sreerama Chandra, Shweta Pandit, Ali Zafar",Hindi
975,HSLRIM - Hislerim.mp3,Hislerim,songs-file/HSLRIM%20-%20Hislerim.mp3,214.85714285714286,0,0,627,HSLRIM,Hislerim,2018,"Zerrin, Serhat Durmus",Turkish
976,SHRA - Sahara (Hensonn).mp3,Sahara (Hensonn),songs-file/SHRA%20-%20Sahara%20(Hensonn).mp3,171.48,0,0,628,SHRA,Sahara,2021,Hensonn,"BGM, English"
977,SAL - Unke Nashe Mein.mp3,Unke Nashe Mein,songs-file/SAL%20-%20Unke%20Nashe%20Mein.mp3,290.06367346938777,0,0,629,SAL,Shootout at Lokhandwala,2007,"Sukhwinder Singh, Anand Raj Anand, Mika Singh",Hindi
978,OSO - Dastaan-E-Om Shanti Om.mp3,Dastaan-E-Om Shanti Om,songs-file/OSO%20-%20Dastaan-E-Om%20Shanti%20Om.mp3,431.36,0,0,277,OSO,Om Shanti Om,2007,Shaan,Hindi
979,CASH -  Zara Bach Ke Jee (Kickin It Rockin It Mix).mp3,Zara Bach Ke Jee (Kickin It Rockin It Mix),songs-file/CASH%20-%20%20Zara%20Bach%20Ke%20Jee%20(Kickin%20It%20Rockin%20It%20Mix).mp3,216.89469387755102,0,0,630,CASH,Cash,2007,"Anushka Manchanda, Vishal Dadlani, Shekhar Ravjiani",Hindi
980,BHBH - Allah Hafiz.mp3,Allah Hafiz,songs-file/BHBH%20-%20Allah%20Hafiz.mp3,273.94612244897957,0,0,55,BHBH,Bhool Bhulaiyaa,2007,KK,Hindi
981,APNE - Dekhoon Tujhe to Pyar Aaye.mp3,Dekhoon Tujhe to Pyar Aaye,songs-file/APNE%20-%20Dekhoon%20Tujhe%20to%20Pyar%20Aaye.mp3,289.9591836734694,0,0,631,APNE,Apne (अपने),2007,"Akriti Kakar, Sameer Anjaan, Himesh Reshammiya",Hindi
982,APKSUR - Tera Mera Milna.mp3,Tera Mera Milna,songs-file/APKSUR%20-%20Tera%20Mera%20Milna.mp3,350.649625,0,0,471,APKSUR,Aap Kaa Surroor,2007,"Shreya Ghoshal, Himesh Reshammiya",Hindi
983,MP3 - Mera Pehla Pehla Pyaar.mp3,Mera Pehla Pehla Pyaar,songs-file/MP3%20-%20Mera%20Pehla%20Pehla%20Pyaar.mp3,274.7820408163265,0,0,632,MP3,MP3: Mera Pehla Pehla Pyaar,2007,KK,Hindi
984,RAVN - Behene De Mujhe Behene De.mp3,Behene De Mujhe Behene De,songs-file/RAVN%20-%20Behene%20De%20Mujhe%20Behene%20De.mp3,370.12897959183675,0,0,302,RAVN,Raavan,2010,"Mohammed Irfan, A. R. Rahman, Karthik",Hindi
985,AA - Aas Paas Khuda.mp3,Aas Paas Khuda,songs-file/AA%20-%20Aas%20Paas%20Khuda.mp3,321.12326530612245,0,0,30,AA,Anjaana Anjaani,2010,Rahat Fateh Ali Khan,Hindi
986,KMBKTISQ - Bebo.mp3,Bebo,songs-file/KMBKTISQ%20-%20Bebo.mp3,261.7208163265306,0,0,633,KMBKTISQ,Kambakkht Ishq,2009,Alisha Chinai,Hindi
987,KMBKTISQ - Kambakkht Ishq.mp3,Kambakkht Ishq,songs-file/KMBKTISQ%20-%20Kambakkht%20Ishq.mp3,293.19836734693877,0,0,633,KMBKTISQ,Kambakkht Ishq,2009,"Sunidhi Chauhan, KK, Anu Malik",Hindi
988,KMBKTISQ - Om Mangalam.mp3,Om Mangalam,songs-file/KMBKTISQ%20-%20Om%20Mangalam.mp3,264.33306122448977,0,0,633,KMBKTISQ,Kambakkht Ishq,2009,RDB,Hindi
989,OUaTiM - I AM IN LOVE.mp3,I AM IN LOVE,songs-file/OUaTiM%20-%20I%20AM%20IN%20LOVE.mp3,287.0334693877551,0,0,279,OUaTiM,Once Upon a Time in Mumbai,2010,"Dominique Cerejo, Pritam Chakraborty, KK",Hindi
990,DRMLND - Heat Waves.mp3,Heat Waves,songs-file/DRMLND%20-%20Heat%20Waves.mp3,235.1281632653061,0,0,634,DRMLND,Dreamland,2020,Glass Animals,English
991,CCtC - S.I.D.H.U.mp3,S.I.D.H.U,songs-file/CCtC%20-%20S.I.D.H.U.mp3,304.6922448979592,0,0,77,CCtC,Chandni Chowk to China,2009,Kailash Kher,Hindi
992,CCtC - CHAK LEIN DE.mp3,CHAK LEIN DE,songs-file/CCtC%20-%20CHAK%20LEIN%20DE.mp3,263.0530612244898,0,0,77,CCtC,Chandni Chowk to China,2009,Kailash Kher,Hindi
993,KTS - PEHLI BAAR MOHABBAT.mp3,PEHLI BAAR MOHABBAT,songs-file/KTS%20-%20PEHLI%20BAAR%20MOHABBAT.mp3,324.98938775510203,0,0,211,KTS,Kaminey: The Scoundrels,2009,"Mohit Chauhan, Gulzar, Vishal Bhardwaj",Hindi
994,WNTD - Dil Leke.mp3,Dil Leke,songs-file/WNTD%20-%20Dil%20Leke.mp3,275.2522448979592,0,0,635,WNTD,Wanted,2009,"Shreya Ghoshal, Shaan, Wajid Ali",Hindi
995,DDD - Baamulaiza.mp3,Baamulaiza,songs-file/DDD%20-%20Baamulaiza.mp3,290.9779591836735,0,0,92,DDD,De Dana Dan,2009,"Dominique Cerejo, Mika Singh",Hindi
996,JTMWN - Nazrein Karam.mp3,Nazrein Karam,songs-file/JTMWN%20-%20Nazrein%20Karam.mp3,329.53469387755104,0,0,636,JTMWN,Jashnn: The Music Within,2009,"Shreya Ghoshal, KK",Hindi
997,ADZ - Gazab.mp3,Gazab,songs-file/ADZ%20-%20Gazab.mp3,248.68571428571428,0,0,637,ADZ,Aa Dekhen Zara,2009,"Sunidhi Chauhan, Shaan",Hindi
998,LAK - Chor Bazaari.mp3,Chor Bazaari,songs-file/LAK%20-%20Chor%20Bazaari.mp3,259.5004081632653,0,0,239,LAK,Love Aaj Kal,2009,"Sunidhi Chauhan, Neeraj Shridhar",Hindi
999,LUCK - Jee Le (Luck).mp3,Jee Le (Luck),songs-file/LUCK%20-%20Jee%20Le%20(Luck).mp3,270.96816326530615,0,0,240,LUCK,Luck,2009,"Shruti Pathak, Naresh Kamath, Salim–Sulaiman, Anvita Dutt Guptan",Hindi
1000,WNTD - Jalwa - Wanted.mp3,Jalwa - Wanted,songs-file/WNTD%20-%20Jalwa%20-%20Wanted.mp3,271.6212244897959,0,0,635,WNTD,Wanted,2009,"Wajid Ali, Earl D'Souza",Hindi
1001,WNTD - Love Me Love Me.mp3,Love Me Love Me,songs-file/WNTD%20-%20Love%20Me%20Love%20Me.mp3,246.20408163265307,0,0,635,WNTD,Wanted,2009,"Amrita Kak, Wajid Ali",Hindi
1002,WNTD - LE LE MAZAA LE.mp3,LE LE MAZAA LE,songs-file/WNTD%20-%20LE%20LE%20MAZAA%20LE.mp3,251.8204081632653,0,0,635,WNTD,Wanted,2009,"Teesha Nigam, Rishikesh Kamerkar, Sowmya Raoh, Wajid Ali",Hindi
1003,LUCK - AAZMA (LUCK IS THE KEY).mp3,AAZMA (LUCK IS THE KEY),songs-file/LUCK%20-%20AAZMA%20(LUCK%20IS%20THE%20KEY).mp3,333.9755102040816,0,0,240,LUCK,Luck,2009,"Shabbir Ahmed, Shruti Haasan, Salim–Sulaiman, Clinton Cerejo",Hindi
1004,LUCK - Luck Aazma.mp3,Luck Aazma,songs-file/LUCK%20-%20Luck%20Aazma.mp3,279.9020408163265,0,0,240,LUCK,Luck,2009,"Sukhwinder Singh, Shabbir Ahmed, Satya Hinduja, Salim–Sulaiman",Hindi
1005,TRRP - Hey Shona.mp3,Hey Shona,songs-file/TRRP%20-%20Hey%20Shona.mp3,319.3469387755102,0,0,638,TRRP,Ta Ra Rum Pum,2007,"Sunidhi Chauhan, Shaan",Hindi
1006,CDINDA - Maula Mere Lele Meri Jaan.mp3,Maula Mere Lele Meri Jaan,songs-file/CDINDA%20-%20Maula%20Mere%20Lele%20Meri%20Jaan.mp3,288.4179591836735,0,0,639,CDINDA,Chak De! India,2007,"Krishna Beuraa, Salim Merchant, Salim–Sulaiman",Hindi
1007,PRTNR - SONI DE NAKHRE.mp3,SONI DE NAKHRE,songs-file/PRTNR%20-%20SONI%20DE%20NAKHRE.mp3,260.98938775510203,0,0,492,PRTNR,Partner,2007,"Shabbir Ahmed, Labh Janjua, Sneha Pant, Wajid Ali",Hindi
1008,LIAM - O Meri Jaan.mp3,O Meri Jaan,songs-file/LIAM%20-%20O%20Meri%20Jaan.mp3,305.65877551020407,0,0,446,LIAM,Life in a... Metro,2007,"Pritam Chakraborty, KK, Suhail Kaul",Hindi
1009,CDINDA - Badal Pe Paon Hain.mp3,Badal Pe Paon Hain,songs-file/CDINDA%20-%20Badal%20Pe%20Paon%20Hain.mp3,243.98367346938775,0,0,639,CDINDA,Chak De! India,2007,Hema Sardesai,Hindi
1010,NmsteLndn - Chakna Chakna.mp3,Chakna Chakna,songs-file/NmsteLndn%20-%20Chakna%20Chakna.mp3,345.75673469387755,0,0,507,NmsteLndn,Namastey London,2007,Himesh Reshammiya,Hindi
1011,KARZ - Tandoori Nights.mp3,Tandoori Nights,songs-file/KARZ%20-%20Tandoori%20Nights.mp3,351.52979591836737,0,0,216,KARZ,Karzzzz,2008,"Akbar Sami, Sunidhi Chauhan, Sameer Anjaan, Himesh Reshammiya",Hindi
1012,TSHN - Dil Dance Maare.mp3,Dil Dance Maare,songs-file/TSHN%20-%20Dil%20Dance%20Maare.mp3,325.01551020408164,0,0,360,TSHN,Tashan,2008,"Sukhwinder Singh, Sunidhi Chauhan, Udit Narayan",Hindi
1013,K4 - BREAK FREE.mp3,BREAK FREE,songs-file/K4%20-%20BREAK%20FREE.mp3,284.02938775510205,0,0,640,K4,Krazzy 4,2008,Vishal Dadlani,Hindi
1014,DSTN - Kuch Kum.mp3,Kuch Kum,songs-file/DSTN%20-%20Kuch%20Kum.mp3,341.0808163265306,0,0,113,DSTN,Dostana,2008,"Vishal-Shekhar, Shaan",Hindi
1015,JTYJN - JAANE TU MERA KYA HAI.mp3,JAANE TU MERA KYA HAI,songs-file/JTYJN%20-%20JAANE%20TU%20MERA%20KYA%20HAI.mp3,216.39836734693878,0,0,179,JTYJN,Jaane Tu… Ya Jaane Na,2008,RUNA,Hindi
1016,PatilaH - Laung Da Lashkara.mp3,Laung Da Lashkara,songs-file/PatilaH%20-%20Laung%20Da%20Lashkara.mp3,307.46122448979594,0,0,641,PatilaH,Patiala House,2011,"Nobby Singh, Hard Kaur, Jasbir Jassi, Mahalakshmi Iyer",Hindi
1017,ZNMD - Sooraj Ki Baahon Mein.mp3,Sooraj Ki Baahon Mein,songs-file/ZNMD%20-%20Sooraj%20Ki%20Baahon%20Mein.mp3,204.98285714285714,0,0,409,ZNMD,Zindagi Na Milegi Dobara,2011,"Loy Mendonsa, Clinton Cerejo",Hindi
1018,SNHM - Saathiya (साथिया).mp3,Saathiya (साथिया),songs-file/SNHM - Saathiya (साथिया).mp3,310.77877551020407,0,0,348,SNHM,Singham,2011,"Shreya Ghoshal, Ajay-Atul",Hindi
1019,SATHY - Saathiya - FRIEND.mp3,Saathiya - FRIEND,songs-file/SATHY%20-%20Saathiya%20-%20FRIEND.mp3,357.5118367346939,0,0,642,SATHY,Saathiya,2002,Sonu Nigam,Hindi
1020,SATHY - O Humdum (Saathiya).mp3,O Humdum (Saathiya),songs-file/SATHY%20-%20O%20Humdum%20(Saathiya).mp3,237.8187755102041,0,0,642,SATHY,Saathiya,2002,A. R. Rahman,Hindi
1021,STLNMM - Ahista (Aahista).mp3,Ahista (Aahista),songs-file/STLNMM%20-%20Ahista%20(Aahista).mp3,433.3191836734694,0,0,643,STLNMM,Stolen Moments,1998,Pankaj Udhas,Hindi
1022,SATHY - Mangalayam.mp3,Mangalayam,songs-file/SATHY%20-%20Mangalayam.mp3,104.35918367346939,0,0,642,SATHY,Saathiya,2002,"KK, Kunal Ganjawala, Shaan",Hindi
1023,GTDA - Main Deewana.mp3,Main Deewana,songs-file/GTDA%20-%20Main%20Deewana.mp3,300.85224489795917,0,0,644,GTDA,G: The Debut Album,2005,Ganesh Hegde,Hindi
1024,AlsKaPed - Choo Lo.mp3,Choo Lo,songs-file/AlsKaPed%20-%20Choo%20Lo.mp3,233.66530612244898,0,0,645,AlsKaPed,Aalas Ka Pedh,2015,The Local Train,Hindi
1025,JTMH - Jo Tum Mere Ho.mp3,Jo Tum Mere Ho,songs-file/JTMH%20-%20Jo%20Tum%20Mere%20Ho.mp3,251.8465306122449,0,0,646,JTMH,Jo Tum Mere Ho,2024,Anuv Jain,Hindi
1026,HELLFXEM - A** Like That (Termik Remix).mp3,A** Like That (Termik Remix),songs-file/HELLFXEM%20-%20A**%20Like%20That%20(Termik%20Remix).mp3,262.416,0,0,647,HELLFXEM,HELLFXRMANCE,2022,Eminem,"BGM, English"
1027,HotPink - Streets - Instrumental (XZIIE Remix).mp3,Streets - Instrumental (XZIIE Remix),songs-file/HotPink%20-%20Streets%20-%20Instrumental%20(XZIIE%20Remix).mp3,216.864,0,0,648,HotPink,Hot Pink,2019,Doja Cat,"BGM, English"
1028,RTDETRNO - RITMO DE TREINO.mp3,RITMO DE TREINO,songs-file/RTDETRNO%20-%20RITMO%20DE%20TREINO.mp3,102.96,0,0,649,RTDETRNO,RITMO DE TREINO,2023,YOUTHISENDING,"BGM, English"
1029,BPMAN - Brazilian Phonk Mano.mp3,Brazilian Phonk Mano,songs-file/BPMAN%20-%20Brazilian%20Phonk%20Mano.mp3,84.624,0,0,650,BPMAN,Brazilian Phonk Mano,2023,Crazy Mano,"BGM, English"
1030,RAVE - RAVE.mp3,RAVE,songs-file/RAVE%20-%20RAVE.mp3,169.32,0,0,651,RAVE,RAVE,2022,Dxrk ダーク,"BGM, English"
1031,NONBLD - NEON BLADE.mp3,NEON BLADE,songs-file/NONBLD%20-%20NEON%20BLADE.mp3,266.496,0,0,652,NONBLD,NEON BLADE,2022,MoonDeity,"BGM, English"
1032,DIMS - DEMONS IN MY SOUL.mp3,DEMONS IN MY SOUL,songs-file/DIMS%20-%20DEMONS%20IN%20MY%20SOUL.mp3,120.696,0,0,653,DIMS,DEMONS IN MY SOUL,2022,SCXR SOUL,"BGM, English"
1033,TLMEMs - Tous les Mêmes (Phonk).mp3,Tous les Mêmes (Phonk),songs-file/TLMEMs - Tous les Mêmes (Phonk).mp3,45.384,0,0,654,TLMEMs,Tous les Mêmes,2022,Stromae,"BGM, English"
1034,BMQMCASM - BEAT MÁGICO QUE MEXE COM A SUA MENTE.mp3,BEAT MÁGICO QUE MEXE COM A SUA MENTE,songs-file/BMQMCASM - BEAT MÁGICO QUE MEXE COM A SUA MENTE.mp3,180.552,0,0,655,BMQMCASM,BEAT MÁGICO QUE MEXE COM A SUA MENTE,2022,DJ GUDOG,"BGM, English"
1035,PGLA - PEGA LÁ.mp3,PEGA LÁ,songs-file/PGLA - PEGA LÁ.mp3,129.264,0,0,656,PGLA,PEGA LÁ,2022,Kaito Shoma,"BGM, English"
1036,PEMFBA - The Box.mp3,The Box,songs-file/PEMFBA%20-%20The%20Box.mp3,196.992,0,0,657,PEMFBA,Please Excuse Me for Being Antisocial,2019,Roddy Ricch,English
1037,PT1 - Call Me.mp3,Call Me,songs-file/PT1%20-%20Call%20Me.mp3,164.112,0,0,658,PT1,Pt. One,2019,Plenka,"BGM, English"
1038,WDWG - Way Down We Go (Instrumental).mp3,Way Down We Go (Instrumental),songs-file/WDWG%20-%20Way%20Down%20We%20Go%20(Instrumental).mp3,44.064,0,0,659,WDWG,Way Down We Go,2022,KALEO,"BGM, English"
1039,DF - Drive Forever.mp3,Drive Forever,songs-file/DF%20-%20Drive%20Forever.mp3,145.632,0,0,660,DF,Drive Forever,2022,Marshlemon,"BGM, English"
1040,MTasMpsis - METAMORPHOSIS.mp3,METAMORPHOSIS,songs-file/MTasMpsis%20-%20METAMORPHOSIS.mp3,142.872,0,0,661,MTasMpsis,METAMORPHOSIS,2021,INTERWORLD,"BGM, English"
1041,Phntn - Afghan Jalebi.mp3,Afghan Jalebi,songs-file/Phntn%20-%20Afghan%20Jalebi.mp3,223.81714285714287,0,0,614,Phntn,Phantom,2015,"Pritam Chakraborty, Akhtar Chanal Zahri, Amitabh Bhattacharya",Hindi
1042,DSHM - Sau Tarah Ke.mp3,Sau Tarah Ke,songs-file/DSHM%20-%20Sau%20Tarah%20Ke.mp3,238.75918367346938,0,0,662,DSHM,Dishoom,2016,"Amit Mishra, Jonita Gandhi",Hindi
1043,RM2 - Baby Doll.mp3,Baby Doll,songs-file/RM2%20-%20Baby%20Doll.mp3,213.86448979591836,0,0,310,RM2,Ragini MMS 2,2014,"Kanika Kapoor, Meet Bros",Hindi
1044,BJ - Daddy Mummy.mp3,Daddy Mummy,songs-file/BJ%20-%20Daddy%20Mummy.mp3,265.24734693877554,0,0,52,BJ,Bhaag Johnny,2015,"Devi Sri Prasad, M.M. Manasi",Hindi
1045,REDY - Character Dheela.mp3,Character Dheela,songs-file/REDY%20-%20Character%20Dheela.mp3,227.26530612244898,0,0,318,REDY,Ready,2011,Pritam Chakraborty,Hindi
1046,TPCII - Stereo Hearts.mp3,Stereo Hearts,songs-file/TPCII%20-%20Stereo%20Hearts.mp3,215.064,0,0,663,TPCII,The Papercut Chronicles II,2011,Gym Class Heroes,English
1047,RKSTRR - Dynamite.mp3,Dynamite,songs-file/RKSTRR%20-%20Dynamite.mp3,202.632,0,0,664,RKSTRR,Rokstarr,2010,Taio Cruz,English
1048,TRUBLIVRS - That's My Name.mp3,That's My Name,songs-file/TRUBLIVRS%20-%20That's%20My%20Name.mp3,246.4130612244898,0,0,665,TRUBLIVRS,True Believers,2009,Akcent,English
1049,TmTch - She Doesn't Mind.mp3,She Doesn't Mind,songs-file/TmTch%20-%20She%20Doesn't%20Mind.mp3,227.8138775510204,0,0,666,TmTch,Tomahawk Technique,2012,Sean Paul,English
1050,ETD - My Lecon.mp3,My Lecon,songs-file/ETD%20-%20My%20Lecon.mp3,206.304,0,0,667,ETD,Enter The Dragon,2010,jtL,Korean
1051,BFG - Brother Louie '98.mp3,Brother Louie '98,songs-file/BFG%20-%20Brother%20Louie%20'98.mp3,208.296,0,0,668,BFG,Back for Good,1998,Modern Talking,English
1052,GGG - Slowly Slowly.mp3,Slowly Slowly,songs-file/GGG%20-%20Slowly%20Slowly.mp3,198.0081632653061,0,0,140,GGG,Go Goa Gone,2013,"Sachin-Jigar, Talia Benston, Jigar Saraiya",Hindi
1053,YRIYN - Love Me Thoda Aur.mp3,Love Me Thoda Aur,songs-file/YRIYN%20-%20Love%20Me%20Thoda%20Aur.mp3,265.84816326530614,0,0,400,YRIYN,Yaariyan,2014,"Arijit Singh, Monali Thakur",Hindi
1054,BILU - Marjaani.mp3,Marjaani,songs-file/BILU%20-%20Marjaani.mp3,325.7730612244898,0,0,58,BILU,Billu,2009,"Sukhwinder Singh, Sunidhi Chauhan",Hindi
1055,GLRY - Glory.mp3,Glory,songs-file/GLRY%20-%20Glory.mp3,149.568,0,0,669,GLRY,GLORY (Remixes),2024,Ogryzek,"BGM, English"
1056,FUTR - Mask Off.mp3,Mask Off,songs-file/FUTR%20-%20Mask%20Off.mp3,204.624,0,0,670,FUTR,Future,2017,Nayvadius Wilburn,English
1057,LAK2 - Shayad.mp3,Shayad,songs-file/LAK2%20-%20Shayad.mp3,247.9804081632653,0,0,671,LAK2,Love Aaj Kal 2,2020,"Arijit Singh, Pritam Chakraborty, Madhubanti Bagchi",Hindi
1058,CNGS - Yummy.mp3,Yummy,songs-file/CNGS%20-%20Yummy.mp3,203.736,0,0,672,CNGS,Changes,2020,Justin Bieber,English
1059,ImnAlbtrz - I'm an Albatraoz.mp3,I'm an Albatraoz,songs-file/ImnAlbtrz%20-%20I'm%20an%20Albatraoz.mp3,167.568,0,0,673,ImnAlbtrz,I'm an Albatraoz,2014,AronChupa,"Swedish, English"
1060,THEND - I Gotta Feeling.mp3,I Gotta Feeling,songs-file/THEND%20-%20I%20Gotta%20Feeling.mp3,289.176,0,0,674,THEND,The E.N.D,2009,The Black Eyed Peas,English
1061,TLSD - The Lost Soul Down.mp3,The Lost Soul Down,songs-file/TLSD%20-%20The%20Lost%20Soul%20Down.mp3,193.2,0,0,675,TLSD,The Lost Soul Down,2015,NBSPLV,"BGM, English"
1062,TLSDLS - The Lost Soul Down X Lost Soul.mp3,The Lost Soul Down X Lost Soul,songs-file/TLSDLS%20-%20The%20Lost%20Soul%20Down%20X%20Lost%20Soul.mp3,134.808,0,0,676,TLSDLS,The Lost Soul Down X Lost Soul,2015,NBSPLV,"BGM, English"
1063,WIT - Your Woman (Remix).mp3,Your Woman (Remix),songs-file/WIT%20-%20Your%20Woman%20(Remix).mp3,195.984,0,0,703,WIT,Women in Technology,1997,White Town,English
1064,ANTICN - Fed Up.mp3,Fed Up,songs-file/ANTICN%20-%20Fed%20Up.mp3,151.656,0,0,704,ANTICN,ANTI-ICON,2020,GHOSTEMANE,English
1065,BLDBRZL - BLOODY BRAZIL.mp3,BLOODY BRAZIL,songs-file/BLDBRZL%20-%20BLOODY%20BRAZIL.mp3,94.152,0,0,705,BLDBRZL,BLOODY BRAZIL,2024,TENZOO,"BGM, English"
1066,BLDBRZLSR - BLOODY BRAZIL (KLMQX).mp3,BLOODY BRAZIL (KLMQX),songs-file/BLDBRZLSR%20-%20BLOODY%20BRAZIL%20(KLMQX).mp3,70.032,0,0,706,BLDBRZLSR,BLOODY BRAZIL (SLOWED + REVERB),2024,TENZOO,"BGM, English"
1067,FRTL - Fairytale.mp3,Fairytale,songs-file/FRTL%20-%20Fairytale.mp3,162.912,0,0,707,FRTL,Fairytale,2023,T3NZU,"BGM, English"
1068,KSNDRA - Kosandra.mp3,Kosandra,songs-file/KSNDRA%20-%20Kosandra.mp3,141.84,0,0,708,KSNDRA,Kosandra,2022,T3NZU,"BGM, English"
1069,GTPHV - GigaChad Theme.mp3,GigaChad Theme,songs-file/GTPHV%20-%20GigaChad%20Theme.mp3,146.304,0,0,709,GTPHV,GigaChad Theme (Phonk House Version),2022,g3ox_em,"BGM, English"
1070,S5C - Still 50 Cent.mp3,Still 50 Cent,songs-file/S5C%20-%20Still%2050%20Cent.mp3,213.984,0,0,710,S5C,Still 50 Cent,2023,K3NZH,"BGM, English"
1071,NXT - NEXT!.mp3,NEXT!,songs-file/NXT%20-%20NEXT!.mp3,103.224,0,0,711,NXT,NEXT!,2024,NCTS,"BGM, English"
1072,SAW - Such a Whore.mp3,Such a Whore,songs-file/SAW%20-%20Such%20a%20Whore.mp3,164.4,0,0,712,SAW,Such a Whore (Patato Remix),2020,JVLA,"BGM, English"
1073,DNCN - Dancin.mp3,Dancin,songs-file/DNCN%20-%20Dancin.mp3,194.496,0,0,713,DNCN,Dancin' (Remixes),2014,Aaron Smith,"BGM, English"
1074,ARSH - Boro Boro (Nippandab Remix).mp3,Boro Boro (Nippandab Remix),songs-file/ARSH%20-%20Boro%20Boro%20(Nippandab%20Remix).mp3,173.736,0,0,447,ARSH,Arash,2004,Arash,Iranian
1075,WHRN - Wahran.mp3,Wahran,songs-file/WHRN%20-%20Wahran.mp3,242.688,0,0,714,WHRN,Wahran,2019,RANDALL,"BGM, English"
1076,SPDUPV1 - Scopin.mp3,Scopin,songs-file/SPDUPV1%20-%20Scopin.mp3,101.4,0,0,715,SPDUPV1,"Sped Up, Vol. 1",2023,KORDHELL,"BGM, English"
1077,BTD - Summertime Sadness.mp3,Summertime Sadness,songs-file/BTD%20-%20Summertime%20Sadness.mp3,265.44,0,0,716,BTD,Born to Die,2012,Lana Del Rey,English
1078,UvidU13 - Untitled #13.mp3,Untitled #13,songs-file/UvidU13%20-%20Untitled%20%2313.mp3,115.14775510204082,0,0,717,UvidU13,Uvidennoe - Untitled #13,2022,glwzbll,"BGM, English"
1079,UvidU13SS - Super Slowed Untitled #13.mp3,Super Slowed Untitled #13,songs-file/UvidU13SS%20-%20Super%20Slowed%20Untitled%20%2313.mp3,192.07836734693876,0,0,718,UvidU13SS,Uvidennoe - Super Slowed Untitled #13,2022,glwzbll,"BGM, English"
1080,JJLRMF - JUJALARIM FUNK.mp3,JUJALARIM FUNK,songs-file/JJLRMF%20-%20JUJALARIM%20FUNK.mp3,121.33877551020409,0,0,719,JJLRMF,JUJALARIM FUNK,2023,Eternxlkz,"BGM, English"
1081,BTW - Bloody Mary (BGM).mp3,Bloody Mary (BGM),songs-file/BTW%20-%20Bloody%20Mary%20(BGM).mp3,138.34448979591838,0,0,720,BTW,Born This Way,2011,Lady Gaga,"BGM, English"
1082,✻HR - ✻H+3+ЯД✻7luCJIo0T6....mp3,✻H+3+ЯД✻7luCJIo0T6...,songs-file/%E2%9C%BBHR%20-%20%E2%9C%BBH%2B3%2B%D0%AF%D0%94%E2%9C%BB7luCJIo0T6....mp3,118.224,0,0,721,✻HR,✻H+3+ЯД✻7luCJIo0T6... (Remixes),2024,vyrval,"BGM, English"
1083,DžNM - Džanum.mp3,Džanum,songs-file/DžNM - Džanum.mp3,174.072,0,0,722,DžNM,Džanum,2023,Teya Dora,Serbian
1084,FITR - Fitoor.mp3,Fitoor,songs-file/FITR%20-%20Fitoor.mp3,290.256,0,0,723,FITR,Fitoor,2016,Arijit Singh,Hindi
1085,TtM - Le Monde.mp3,Le Monde,songs-file/TtM%20-%20Le%20Monde.mp3,134.88,0,0,724,TtM,Talk to Me,2023,Richard Carter,"BGM, French"
1086,AiSHA - Gal Mitthi Mitthi Bol.mp3,Gal Mitthi Mitthi Bol,songs-file/AiSHA%20-%20Gal%20Mitthi%20Mitthi%20Bol.mp3,255.79102040816326,0,0,488,AiSHA,Aisha,2010,"Tochi Raina, Amit Trivedi",Hindi
1087,ElCmzo - Gata Only.mp3,Gata Only,songs-file/ElCmzo%20-%20Gata%20Only.mp3,222.048,0,0,725,ElCmzo,El Comienzo,2024,"Cris MJ, FloyyMenor",Spanish
1088,RR - Gandi Baat.mp3,Gandi Baat,songs-file/RR%20-%20Gandi%20Baat.mp3,252.65632653061223,0,0,297,RR,R... Rajkumar,2013,"Kalpana Patowary, Pritam Chakraborty, Mika Singh",Hindi
1089,RR - Saree Ke Fall Sa.mp3,Saree Ke Fall Sa,songs-file/RR%20-%20Saree%20Ke%20Fall%20Sa.mp3,236.4604081632653,0,0,297,RR,R... Rajkumar,2013,"Antara Mitra, Nakash Aziz",Hindi
1090,WHPT - Whoopty.mp3,Whoopty,songs-file/WHPT%20-%20Whoopty.mp3,130.968,0,0,726,WHPT,Whoopty,2021,Robert Cristian,"BGM, English"
1091,MSFR - Get Low.mp3,Get Low,songs-file/MSFR%20-%20Get%20Low.mp3,212.68897959183673,0,0,727,MSFR,"Money Sucks, Friends Rule",2014,"DJ Snake, Dillon Francis","BGM, English"
1092,ARMBH - Arambha (NF's Mix).mp3,Arambha (NF's Mix),songs-file/ARMBH%20-%20Arambha%20%28NF%27s%20Mix%29.mp3,179.76,0,0,728,ARMBH,Aarambh (NF's Hope Mix),2023,"Piyush Mishra, NF (rapper)","Hindi, English"
1093,DLWLE - Janam Janam.mp3,Janam Janam,songs-file/DLWLE%20-%20Janam%20Janam.mp3,237.94938775510204,0,0,108,DLWLE,Dilwale,2015,"Arijit Singh, Antara Mitra",Hindi
1094,NGHTCRWLR - Nightcrawler.mp3,Nightcrawler,songs-file/NGHTCRWLR%20-%20Nightcrawler.mp3,60.52571428571429,0,0,729,NGHTCRWLR,Nightcrawler,2024,Luke Muzzic,BGM
1095,AshBA - Dilnashin Dilnashin.mp3,Dilnashin Dilnashin,songs-file/AshBA%20-%20Dilnashin%20Dilnashin.mp3,392.3591836734694,0,0,460,AshBA,Aashiq Banaya Aapne,2005,"KK, Himesh Reshammiya",Hindi
1096,STS - Shiv Tandav Stotram.mp3,Shiv Tandav Stotram,songs-file/STS%20-%20Shiv%20Tandav%20Stotram.mp3,553.2734693877551,0,0,730,STS,Shiv Tandav Stotram,2019,Shankar Mahadevan,Sanskrit
1097,B:TB - Kaun Hai Woh.mp3,Kaun Hai Woh,songs-file/B%3ATB%20-%20Kaun%20Hai%20Woh.mp3,198.0865306122449,0,0,731,B:TB,Baahubali: The Beginning,2015,Kailash Kher,"Sanskrit, Hindi"
1098,B:TB - Khoya Hain.mp3,Khoya Hain,songs-file/B%3ATB%20-%20Khoya%20Hain.mp3,335.36,0,0,731,B:TB,Baahubali: The Beginning,2015,Neeti Mohan,"Sanskrit, Hindi"
1099,DJB - Bandeya.mp3,Bandeya,songs-file/DJB%20-%20Bandeya.mp3,184.7118367346939,0,0,732,DJB,Dil Juunglee (Bandeya),2023,"Arijit Singh, Shaarib",Hindi
1100,GLRE - Millionaire.mp3,Millionaire,songs-file/GLRE%20-%20Millionaire.mp3,199.152,0,0,733,GLRE,Glory,2024,Yo Yo Honey Singh,"Punjabi, Hindi, English"
1101,ATANT - Tu Is Tarah Se Mere Zindagi Main.mp3,Tu Is Tarah Se Mere Zindagi Main,songs-file/ATANT%20-%20Tu%20Is%20Tarah%20Se%20Mere%20Zindagi%20Main.mp3,394.89306122448977,0,0,734,ATANT,Aap To Aise Na The,1980,Mohammed Rafi,Hindi
1102,CMILA - Havana.mp3,Havana,songs-file/CMILA%20-%20Havana.mp3,218.544,0,0,735,CMILA,Camila,2018,Camila Cabello,English
1104,SWLLA - Swalla.mp3,Swalla,songs-file/SWLLA%20-%20Swalla.mp3,216.528,0,0,737,SWLLA,Swalla,2017,"Nicki Minaj, Jason Derulo",English
1105,Sñrt - Señorita.mp3,Señorita,songs-file/S%C3%B1rt%20-%20Se%C3%B1orita.mp3,191.064,0,0,736,Sñrt,Señorita,2018,"Camila Cabello, Shawn Mendes","Spanish, English"
1106,EVLV - Believer.mp3,Believer,songs-file/EVLV%20-%20Believer.mp3,204.408,0,0,738,EVLV,Evolve,2017,Imagine Dragons,English
1107,MDNO - Closer.mp3,Closer,songs-file/MDNO%20-%20Closer.mp3,245.088,0,0,739,MDNO,Memories...Do Not Open,2017,The Chainsmokers,English
1108,SYL - Someone You Loved.mp3,Someone You Loved,songs-file/SYL%20-%20Someone%20You%20Loved.mp3,148.248,0,0,740,SYL,Someone You Loved,2019,Conor Maynard,English
1110,MDNO - Something Just Like This.mp3,Something Just Like This,songs-file/MDNO%20-%20Something%20Just%20Like%20This.mp3,240.9795918367347,0,0,739,MDNO,Memories...Do Not Open,2017,The Chainsmokers,English
1111,PFLMDA80 - Song for Denise.mp3,Song for Denise,songs-file/PFLMDA80%20-%20Song%20for%20Denise.mp3,192.54857142857142,0,0,741,PFLMDA80,Best of Collector: Piano Fantasia (Le meilleur des années 80),2012,Piano Fantasia,"Russian, BGM"
1112,ND - Night Drive.mp3,Night Drive,songs-file/ND%20-%20Night%20Drive.mp3,124.76081632653062,0,0,742,ND,Night Drive,2022,Wilee,BGM
1113,AlsKaPed - Aaoge Tum Kabhi.mp3,Aaoge Tum Kabhi,songs-file/AlsKaPed%20-%20Aaoge%20Tum%20Kabhi.mp3,313.2604081632653,0,0,645,AlsKaPed,Aalas Ka Pedh,2015,The Local Train,Hindi
1114,HUSN - Husn.mp3,Husn,songs-file/HUSN%20-%20Husn.mp3,218.04,0,0,743,HUSN,Husn,2024,Anuv Jain,Hindi
1115,IHLS - Jab Mila Tu.mp3,Jab Mila Tu,songs-file/IHLS%20-%20Jab%20Mila%20Tu.mp3,252.02938775510205,0,0,173,IHLS,I Hate Luv Storys,2010,"Vishal Dadlani, Shekhar Ravjiani",Hindi
1116,snwfl - snowfall.mp3,snowfall,songs-file/snwfl%20-%20snowfall.mp3,123.264,0,0,744,snwfl,snowfall,2022,"reidenshi, Øneheart",BGM
1117,SdTMV2R - Slide da Treme Melódica v2.mp3,Slide da Treme Melódica v2,songs-file/SdTMV2R%20-%20Slide%20da%20Treme%20Mel%C3%B3dica%20v2.mp3,229.4857,0,0,745,SdTMV2R,Slide da Treme Melódica v2 (Remixes),2024,DJ FNK,BGM
1118,BeprFnk - Beeper Funk.mp3,Beeper Funk,songs-file/BeprFnk%20-%20Beeper%20Funk.mp3,103.39265,0,0,746,BeprFnk,Beeper Funk,2024,"DJ Paulinho Mondi Da Baixa Baviera, MC Vitorioso",BGM
1119,TIWTTY - Can We Kiss Forever?.mp3,Can We Kiss Forever?,songs-file/TIWTTY%20-%20Can%20We%20Kiss%20Forever%3F.mp3,187.992,0,0,747,TIWTTY,Things I Wanted To Tell You,2020,Kina,English
1120,LF - Ishq.mp3,Ishq,songs-file/LF%20-%20Ishq.mp3,228.672,0,0,748,LF,Lost;Found,2024,"Faheem Abdullah, Rauhan Malik, Amir Ameer",Hindi
1121,ROSI - APT..mp3,APT.,songs-file/ROSI%20-%20APT..mp3,169.95265,0,0,749,ROSI,Rosie,2024,"Bruno Mars, Rosé","Korean, English"
1122,BG - bad guy.mp3,bad guy,songs-file/BG%20-%20bad%20guy.mp3,194.184,0,0,750,BG,Bad Guy,2019,Billie Eilish,English
1123,DK - Desi Kalakaar.mp3,Desi Kalakaar,songs-file/DK%20-%20Desi%20Kalakaar.mp3,258.089796,0,0,96,DK,Desi Kalakaar,2014,Yo Yo Honey Singh,"Punjabi, Hindi"
1124,DsiBz - Allah Maaf Kare.mp3,Allah Maaf Kare,songs-file/DsiBz%20-%20Allah%20Maaf%20Kare.mp3,229.903673,0,0,418,DsiBz,Desi Boyz,2011,"Sonu Nigam, Shilpa Rao",Hindi
1125,NS! - Saadi Galli Aaja.mp3,Saadi Galli Aaja,songs-file/NS%21%20-%20Saadi%20Galli%20Aaja.mp3,253.466122,0,0,751,NS!,Nautanki Saala!,2013,"Neeti Mohan, Ayushmann Khurrana",Hindi
1126,13RWS2 - lovely.mp3,lovely,songs-file/13RWS2%20-%20lovely.mp3,200.496,0,0,752,13RWS2,13 Reasons Why (Season 2),2018,"Billie Eilish, Khalid",English
1127,Ccktl - Tum Hi Ho Bandhu.mp3,Tum Hi Ho Bandhu,songs-file/Ccktl%20-%20Tum%20Hi%20Ho%20Bandhu.mp3,282.096327,0,0,565,Ccktl,Cocktail,2012,"Kavita Seth, Neeraj Shridhar",Hindi
1128,UNGLI - Dance Basanti.mp3,Dance Basanti,songs-file/UNGLI%20-%20Dance%20Basanti.mp3,224.052245,0,0,753,UNGLI,Ungli,2014,"Anushka Manchanda, Sachin-Jigar, Vishal Dadlani",Hindi
1129,JGNU - Jugnu.mp3,Jugnu,songs-file/JGNU%20-%20Jugnu.mp3,230.478367,0,0,754,JGNU,Jugnu,2024,"Nikhita Gandhi, Badshah",Hindi
1130,PnjbKmp - Punjabi Kompa.mp3,Punjabi Kompa,songs-file/PnjbKmp%20-%20Punjabi%20Kompa.mp3,192.914275,0,0,755,PnjbKmp,Punjabi Kompa,2024,"Tesher, Frozy","Punjabi, Hindi"
1131,SKTKS - Bom Diggy Diggy.mp3,Bom Diggy Diggy,songs-file/SKTKS%20-%20Bom%20Diggy%20Diggy.mp3,238.837551,0,0,756,SKTKS,Sonu Ke Titu Ki Sweety,2018,"Jasmin Walia, Zack Knight",Hindi
1132,BFKR - Nashe Si Chadh Gayi.mp3,Nashe Si Chadh Gayi,songs-file/BFKR%20-%20Nashe%20Si%20Chadh%20Gayi.mp3,237.949388,0,0,757,BFKR,Befikre,2016,Arijit Singh,Hindi
1134,K7 - Balma.mp3,Balma,songs-file/K7%20-%20Balma.mp3,227.604898,0,0,222,K7,Khiladi 786,2012,"Shreya Ghoshal, Sreerama Chandra, Shriram Iyer",Hindi
1135,TWLV - Adhi Adhi Raat.mp3,Adhi Adhi Raat,songs-file/TWLV%20-%20Adhi%20Adhi%20Raat.mp3,234.161633,0,0,383,TWLV,Twelve,2012,Bilal Saeed,Hindi
1136,ACKMCK - Achko Machko.mp3,Achko Machko,songs-file/ACKMCK%20-%20Achko%20Machko.mp3,180.048,0,0,758,ACKMCK,Achko Machko,2012,Yo Yo Honey Singh,Hindi
1137,BrkPrty - Breakup Party.mp3,Breakup Party,songs-file/BrkPrty%20-%20Breakup%20Party.mp3,282.909325,0,0,759,BrkPrty,Breakup Party,2012,"Yo Yo Honey Singh, Leo Grewal",Hindi
1138,IV - Getup Jawani.mp3,Getup Jawani,songs-file/IV%20-%20Getup%20Jawani.mp3,213.133061,0,0,177,IV,International Villager,2011,"Yo Yo Honey Singh, Badshah",Hindi
1139,BOSS - PARTY ALL NIGHT.mp3,PARTY ALL NIGHT,songs-file/BOSS%20-%20PARTY%20ALL%20NIGHT.mp3,282.853878,0,0,67,BOSS,Boss,2013,Yo Yo Honey Singh,Hindi
1140,COTB - Glassy.mp3,Glassy,songs-file/COTB%20-%20Glassy.mp3,226.429388,0,0,760,COTB,Clap On The Beat,2006,"Yo Yo Honey Singh, Ashok Masti","Punjabi, Hindi"
1141,BBo - Bebo (Alfaaz Feat. Yo Yo Honey Singh).mp3,Bebo (Alfaaz Feat. Yo Yo Honey Singh),songs-file/BBo%20-%20Bebo%20%28Alfaaz%20Feat.%20Yo%20Yo%20Honey%20Singh%29.mp3,235.598367,0,0,761,BBo,Bebo,2013,"Alfaaz, Yo Yo Honey Singh","Punjabi, Hindi"
1142,DK - One Thousand Miles.mp3,One Thousand Miles,songs-file/DK%20-%20One%20Thousand%20Miles.mp3,287.167278,0,0,96,DK,Desi Kalakaar,2014,Yo Yo Honey Singh,Hindi
1143,VTR - MERI DUNIYA HAI.mp3,MERI DUNIYA HAI,songs-file/VTR%20-%20MERI%20DUNIYA%20HAI.mp3,276.793469,0,0,762,VTR,Vaastav: The Reality,1999,"Sonu Nigam, Jatin-Lalit, Sameer Anjaan",Hindi
1144,KKM - Humne Tumko Dekha.mp3,Humne Tumko Dekha,songs-file/KKM%20-%20Humne%20Tumko%20Dekha.mp3,269.531429,0,0,763,KKM,Khel Khel Mein,1975,"Maruti Rao, Shailendra Singh, R. D. Burman",Hindi
1145,BAGI2 - Lo Safar.mp3,Lo Safar,songs-file/BAGI2%20-%20Lo%20Safar.mp3,282.122449,0,0,764,BAGI2,Baaghi 2,2018,Jubin Nautiyal,Hindi
1146,YVR - Tu Tu Hai Wahi.mp3,Tu Tu Hai Wahi,songs-file/YVR%20-%20Tu%20Tu%20Hai%20Wahi.mp3,409.417143,0,0,765,YVR,Yeh Vaada Raha,1982,"Kishore Kumar, Asha Bhosle",Hindi
1147,JISM2 - Jadu Hai Nasha Hai.mp3,Jadu Hai Nasha Hai,songs-file/JISM2%20-%20Jadu%20Hai%20Nasha%20Hai.mp3,329.090612,0,0,766,JISM2,Jism,2003,Shreya Ghoshal,Hindi
1148,ZHER - Agar Tum Mil Jao.mp3,Agar Tum Mil Jao,songs-file/ZHER%20-%20Agar%20Tum%20Mil%20Jao.mp3,360.489796,0,0,406,ZHER,Zeher,2005,Shreya Ghoshal,Hindi
1149,DWAS - Die With A Smile.mp3,Die With A Smile,songs-file/DWAS%20-%20Die%20With%20A%20Smile.mp3,249.264,0,0,767,DWAS,Die With A Smile,2024,"Bruno Mars, Lady Gaga",English
1151,NKTBNJH - Naino Ki Toh Baat Naina Jane Hai.mp3,Naino Ki Toh Baat Naina Jane Hai,songs-file/NKTBNJH%20-%20Naino%20Ki%20Toh%20Baat%20Naina%20Jane%20Hai.mp3,332.208,0,0,768,NKTBNJH,Naino Ki Toh Baat Naina Jane Hai,2016,"Chandra-Surya, Altaf Sayyed",Hindi
1152,SPS - Dilbar Mere.mp3,Dilbar Mere,songs-file/SPS%20-%20Dilbar%20Mere.mp3,287.085714,0,0,332,SPS,Satte Pe Satta,1982,"R. D. Burman, Kishore Kumar",Hindi
1153,TrInzr - Dilbar Mere (The Unwind Mix).mp3,Dilbar Mere (The Unwind Mix),songs-file/TrInzr%20-%20Dilbar%20Mere%20%28The%20Unwind%20Mix%29.mp3,246.936,0,0,626,TrInzr,Tera Intezar (Rahul Vaidya),2005,Rahul Vaidya,Hindi
1154,THWJG - Tu Tu Hai Wohi (Unwind Version).mp3,Tu Tu Hai Wohi (Unwind Version),songs-file/THWJG%20-%20Tu%20Tu%20Hai%20Wohi%20%28Unwind%20Version%29.mp3,235.128,0,0,770,THWJG,Tu Tu Hai Wohi (Jonita Gandhi),2018,Jonita Gandhi,Hindi
1155,STKO - Kitne Bhi Tu Karle Sitam (Sanam Teri Kasam).mp3,Kitne Bhi Tu Karle Sitam (Sanam Teri Kasam),songs-file/STKO%20-%20Kitne%20Bhi%20Tu%20Karle%20Sitam%20%28Sanam%20Teri%20Kasam%29.mp3,277.315918,0,0,771,STKO,Sanam Teri Kasam (सनम तेरी कसम),1982,"R. D. Burman, Kishore Kumar",Hindi
1156,SAAGR - Saagar Jaisi Aankhonwali.mp3,Saagar Jaisi Aankhonwali,songs-file/SAAGR%20-%20Saagar%20Jaisi%20Aankhonwali.mp3,303.46449,0,0,772,SAAGR,Saagar,1985,"R. D. Burman, Kishore Kumar",Hindi
1157,AthmRma - Aathma Raama.mp3,Aathma Raama,songs-file/AthmRma%20-%20Aathma%20Raama.mp3,234.888,0,0,773,AthmRma,Aathma Raama,2012,Brodha V,"Sanskrit, English"
1158,RNDSMLM - Rindu Semalam.mp3,Rindu Semalam,songs-file/RNDSMLM%20-%20Rindu%20Semalam.mp3,257.376,0,0,774,RNDSMLM,Rindu Semalam,2018,Titi Kamal,Indonesian
1159,HNGM - Pari Pari.mp3,Pari Pari,songs-file/HNGM%20-%20Pari%20Pari.mp3,288.522449,0,0,172,HNGM,Hungama,2003,Babul Supriyo,Hindi
1160,KbrSng - Tujhe Kitna Chahne Lage.mp3,Tujhe Kitna Chahne Lage,songs-file/KbrSng%20-%20Tujhe%20Kitna%20Chahne%20Lage.mp3,284.839184,0,0,775,KbrSng,Kabir Singh,2019,"Mithoon, Arijit Singh",Hindi
1161,KbrSng - Bekhayali.mp3,Bekhayali,songs-file/KbrSng%20-%20Bekhayali.mp3,371.826939,0,0,775,KbrSng,Kabir Singh,2019,"Sachet–Parampara, Sachet Tandon",Hindi
1162,KbrSng - Kaise Hua.mp3,Kaise Hua,songs-file/KbrSng%20-%20Kaise%20Hua.mp3,234.762449,0,0,775,KbrSng,Kabir Singh,2019,Vishal Mishra,Hindi
1163,HsnTPs - Zehnaseeb.mp3,Zehnaseeb,songs-file/HsnTPs%20-%20Zehnaseeb.mp3,217.49551,0,0,776,HsnTPs,Hasee Toh Phasee,2014,"Vishal-Shekhar, Chinmayi, Shekhar Ravjiani",Hindi
1164,DMD - Jiyein Kyun.mp3,Jiyein Kyun,songs-file/DMD%20-%20Jiyein%20Kyun.mp3,266.631837,0,0,115,DMD,Dum Maaro Dum,2011,Papon,Hindi
1165,Rtbk - Raat Baki (New Version).mp3,Raat Baki (New Version),songs-file/Rtbk%20-%20Raat%20Baki%20%28New%20Version%29.mp3,238.210612,0,0,777,Rtbk,Raat Baki (Iulia Vântur),2023,Iulia Vântur,Hindi
1166,Itfq - Ittefaq Se (Raat Baaki).mp3,Ittefaq Se (Raat Baaki),songs-file/Itfq%20-%20Ittefaq%20Se%20%28Raat%20Baaki%29.mp3,200.071837,0,0,778,Itfq,Ittefaq,2017,"Jubin Nautiyal, Nikhita Gandhi",Hindi
1167,7 - Old Town Road.mp3,Old Town Road,songs-file/7%20-%20Old%20Town%20Road.mp3,154.056,0,0,779,7,7,2019,Lil Nas X,English
1168,IQBL - Aashayein.mp3,Aashayein,songs-file/IQBL%20-%20Aashayein.mp3,260.205714,0,0,780,IQBL,Iqbal,2005,"Salim–Sulaiman, KK",Hindi
1169,D2 - Crazy Kiya Re.mp3,Crazy Kiya Re,songs-file/D2%20-%20Crazy%20Kiya%20Re.mp3,295.653878,0,0,100,D2,Dhoom 2,2006,Sunidhi Chauhan,Hindi
1170,HSHM - Muqabala Muqabala.mp3,Muqabala Muqabala,songs-file/HSHM%20-%20Muqabala%20Muqabala.mp3,307.176,0,0,781,HSHM,Hum Se Hai Muqabala - Kadalan (Original Motion Picture Soundtrack),1994,"Swarnalatha, Mano","Hindi, Tamil"
1171,SD3D - Muqabla.mp3,Muqabla,songs-file/SD3D%20-%20Muqabla.mp3,173.304,0,0,782,SD3D,Street Dancer 3D,2020,"A. R. Rahman, Tanishk Bagchi, Yash Narvekar, Parampara Thakur",Hindi
1172,ONE - DJ Wale Babu.mp3,DJ Wale Babu,songs-file/ONE%20-%20DJ%20Wale%20Babu.mp3,169.104,0,0,783,ONE,ONE (Original Never Ends),2018,"Aastha Gill, Badshah",Hindi
1173,SIYAN - Saiyyan.mp3,Saiyyan,songs-file/SIYAN%20-%20Saiyyan.mp3,344.737959,0,0,784,SIYAN,Saiyyan,2007,"Paresh Kamath, Kailash Kher, Naresh Kamath",Hindi
1174,PAAP - Lagi Tum Se Mann Ki Lagan.mp3,Lagi Tum Se Mann Ki Lagan,songs-file/PAAP%20-%20Lagi%20Tum%20Se%20Mann%20Ki%20Lagan.mp3,291.970612,0,0,785,PAAP,Paap,2010,Rahat Fateh Ali Khan,Hindi
1175,DBNG - Chori Kiya Re Jiya.mp3,Chori Kiya Re Jiya,songs-file/DBNG%20-%20Chori%20Kiya%20Re%20Jiya.mp3,288.287347,0,0,786,DBNG,Dabangg,2010,"Sonu Nigam, Shreya Ghoshal",Hindi
1176,BRXFNTSM - BRUXO FANTASMA (SUPER SLOWED).mp3,BRUXO FANTASMA (SUPER SLOWED),songs-file/BRXFNTSM%20-%20BRUXO%20FANTASMA%20%28SUPER%20SLOWED%29.mp3,113.088,0,0,787,BRXFNTSM,BRUXO FANTASMA,2024,LXNGVX,BGM
1177,III - Transgender.mp3,Transgender,songs-file/III%20-%20Transgender.mp3,184.8,0,0,619,III,III,2012,Crystal Castles,BGM
1178,VOID - Void (Super Slowed).mp3,Void (Super Slowed),songs-file/VOID%20-%20Void%20%28Super%20Slowed%29.mp3,101.448,0,0,788,VOID,Void,2024,isq,Hindi
1179,DRMMN - Dramamine.mp3,Dramamine,songs-file/DRMMN%20-%20Dramamine.mp3,205.488,0,0,789,DRMMN,Dramamine,2024,Flawed Mangoes,BGM
1180,ATOMNGS - AUTOMOTIVO MANGOS.mp3,AUTOMOTIVO MANGOS,songs-file/ATOMNGS%20-%20AUTOMOTIVO%20MANGOS.mp3,95.112,0,0,790,ATOMNGS,AUTOMOTIVO MANGOS,2024,DJ BRZ 013,BGM
1181,OPNHIMR - destroyer of worlds.mp3,destroyer of worlds,songs-file/OPNHIMR%20-%20destroyer%20of%20worlds.mp3,246.528,0,0,791,OPNHIMR,Oppenheimer,2023,Aaron Hibell,"BGM, English"
1182,CCII - Empathy.mp3,Empathy,songs-file/CCII%20-%20Empathy.mp3,251.208,0,0,792,CCII,Crystal Castles (II),2010,Crystal Castles,BGM
1183,SG2 - Merry Go Round - Mingle Game.mp3,Merry Go Round - Mingle Game,songs-file/SG2%20-%20Merry%20Go%20Round%20-%20Mingle%20Game.mp3,131.317551,0,0,793,SG2,Squid Game (Season 2),2024,remorse,Korean
1184,CWTRPO - Yesterday Once More.mp3,Yesterday Once More,songs-file/CWTRPO%20-%20Yesterday%20Once%20More.mp3,243.912,0,0,794,CWTRPO,Carpenters with the Royal Philharmonic Orchestra,1997,Carpenters,English
1185,TTTP - Tum To Thehre Pardesi.mp3,Tum To Thehre Pardesi,songs-file/TTTP%20-%20Tum%20To%20Thehre%20Pardesi.mp3,880.488,0,0,795,TTTP,Tum To Thehre Pardesi,1998,Altaf Raja,Hindi
1186,mrtl - 澱み (Stagnation).mp3,澱み (Stagnation),songs-file/mrtl%20-%20%E6%BE%B1%E3%81%BF%20%28Stagnation%29.mp3,106.296,0,0,796,mrtl,mortal,2022,howlingindicator,BGM
1187,TN - Tumse Milna.mp3,Tumse Milna,songs-file/TN%20-%20Tumse%20Milna.mp3,279.431837,0,0,364,TN,Tere Naam,2003,"Alka Yagnik, Udit Narayan",Hindi
1188,NKMR - Copines.mp3,Copines,songs-file/NKMR%20-%20Copines.mp3,176.112,0,0,797,NKMR,NAKAMURA,2018,Aya Nakamura,"Malian, French"
1189,RV - Rang Jo Lagyo.mp3,Rang Jo Lagyo,songs-file/RV%20-%20Rang%20Jo%20Lagyo.mp3,296.202449,0,0,316,RV,Ramaiya Vastavaiya,2013,"Shreya Ghoshal, Atif Aslam",Hindi
1190,HRIN - Saiyaan (Heroine).mp3,Saiyaan (Heroine),songs-file/HRIN%20-%20Saiyaan%20%28Heroine%29.mp3,210.181224,0,0,798,HRIN,Heroine,2012,"Rahat Fateh Ali Khan, Salim–Sulaiman",Hindi
1191,IHLS - Sadka.mp3,Sadka,songs-file/IHLS%20-%20Sadka.mp3,343.771429,0,0,173,IHLS,I Hate Luv Storys,2010,"Vishal-Shekhar, Suraj Jagan, Mahalakshmi Iyer",Hindi
1192,MNJ - Jeena Yahan Marna Yahan.mp3,Jeena Yahan Marna Yahan,songs-file/MNJ%20-%20Jeena%20Yahan%20Marna%20Yahan.mp3,394.13551,0,0,799,MNJ,Mera Naam Joker,1970,Mukesh,Hindi
1193,ჩ - ჩუბინა.mp3,ჩუბინა,songs-file/%E1%83%A9%20-%20%E1%83%A9%E1%83%A3%E1%83%91%E1%83%98%E1%83%9C%E1%83%90.mp3,90.697143,0,0,800,ჩ,ჩუბინა,2021,chub1na.ge,BGM
1194,THGMP1 - The Hanging Tree.mp3,The Hanging Tree,songs-file/THGMP1%20-%20The%20Hanging%20Tree.mp3,218.540408,0,0,801,THGMP1,"The Hunger Games: Mockingjay, Part 1 – Original Motion Picture Soundtrack",2014,James Newton Howard,English
1196,DnS - DON`T STOP - Slowed.mp3,DON`T STOP - Slowed,songs-file/DnS%20-%20DON%60T%20STOP%20-%20Slowed.mp3,180.035918,0,0,802,DnS,DON`T STOP,2024,GLXXMSTRIDER,BGM
1197,WN - Why Not.mp3,Why Not,songs-file/WN%20-%20Why%20Not.mp3,169.032,0,0,803,WN,Why Not,2022,Ghostface Playa,BGM
1198,EMPR - EMPIRE.mp3,EMPIRE,songs-file/EMPR%20-%20EMPIRE.mp3,115.848,0,0,804,EMPR,EMPIRE,2024,Ogryzek,BGM
1199,2093 - If We Being Rëal.mp3,If We Being Rëal,songs-file/2093%20-%20If%20We%20Being%20R%C3%ABal.mp3,172.59102,0,0,805,2093,2093,2024,Yeat,English
1200,2001 - The Next Episode.mp3,The Next Episode,songs-file/2001%20-%20The%20Next%20Episode.mp3,197.302857,0,0,806,2001,2001,1999,Dr. Dre,English
1201,SMITSV - The Prowler.mp3,The Prowler,songs-file/SMITSV%20-%20The%20Prowler.mp3,167.328,0,0,807,SMITSV,Spider-Man: Into the Spider-Verse,2018,Daniel Pemberton,BGM
1202,SgrBrd - Me and the Devil.mp3,Me and the Devil,songs-file/SgrBrd%20-%20Me%20and%20the%20Devil.mp3,185.051429,0,0,808,SgrBrd,Sugarbread,2013,Soap&Skin,English
1203,HP - Dene Wala Jab Bhi Deta.mp3,Dene Wala Jab Bhi Deta,songs-file/HP%20-%20Dene%20Wala%20Jab%20Bhi%20Deta.mp3,407.536327,0,0,157,HP,Hera Pheri,2000,Amitabh Bhattacharya,Hindi
1204,HP - Humba Leela.mp3,Humba Leela,songs-file/HP%20-%20Humba%20Leela.mp3,477.857959,0,0,157,HP,Hera Pheri,2000,"Vinod Rathod, Abhijeet Bhattacharya, Anu Malik, Hariharan",Hindi
1205,DKT - Yeh Raaten Yeh Mausam (New Version).mp3,Yeh Raaten Yeh Mausam (New Version),songs-file/DKT%20-%20Yeh%20Raaten%20Yeh%20Mausam%20%28New%20Version%29.mp3,219.528,0,0,809,DKT,Dilli Ka Thug,1958,"Simran Sehgal, Kishore Kumar, Asha Bhosle, Sanam (band)",Hindi
1206,Ghr2 - Ghora 2.mp3,Ghora 2,songs-file/Ghr2%20-%20Ghora%202.mp3,203.284898,0,0,810,Ghr2,Ghora 2,2013,Benny Dhaliwal,Punjabi
1207,BKV3II - Movie Finale.mp3,Movie Finale,songs-file/BKV3II%20-%20Movie%20Finale.mp3,104.112,0,0,811,BKV3II,"Beat Konducta, Volume 3: In India",2007,Madlib,BGM
1208,F&FDTPV1 - WORTH NOTHING.mp3,WORTH NOTHING,songs-file/F%26FDTPV1%20-%20WORTH%20NOTHING.mp3,164.664,0,0,812,F&FDTPV1,Fast & Furious: Drift Tape (Phonk Vol 1),2022,"TWISTED, Fast & Furious: The Fast Saga",BGM
1209,MTHR - Verbatim.mp3,Verbatim,songs-file/MTHR%20-%20Verbatim.mp3,168.408,0,0,813,MTHR,Mother,2005,Mother Mother,BGM
1210,EFVII - SLAVA FUNK!.mp3,SLAVA FUNK!,songs-file/EFVII%20-%20SLAVA%20FUNK%21.mp3,113.208,0,0,815,EFVII,EVOLUTION FUNK VOL. II,2024,MVSTERIOUS,BGM
1211,BNye - Bill Nye Spits Fire [EXPLICIT].mp3,Bill Nye Spits Fire [EXPLICIT],songs-file/BNye%20-%20Bill%20Nye%20Spits%20Fire%20%5BEXPLICIT%5D.mp3,127.128,0,0,816,BNye,Bill Nye,2019,"Bill Nye, melodysheep",English
1212,2PHKER - 2 phút hơn.mp3,2 phút hơn,songs-file/2PHKER%20-%202%20ph%C3%BAt%20h%C6%A1n.mp3,190.488,0,0,817,2PHKER,2 Phút Hơn (KAIZ Extended Remix),2020,Pháo,Vietnamese
1213,EFALOL - Enemy.mp3,Enemy,songs-file/EFALOL%20-%20Enemy.mp3,170.448,0,0,818,EFALOL,‎Enemy (From Arcane: League of Legends),2021,"Arcane, Imagine Dragons",English
1214,BNS - Bones.mp3,Bones,songs-file/BNS%20-%20Bones.mp3,162.48,0,0,819,BNS,Bones,2022,Imagine Dragons,English
1215,DMNS - Demons.mp3,Demons,songs-file/DMNS%20-%20Demons.mp3,174.384,0,0,820,DMNS,Demons,2012,Imagine Dragons,English
1216,R&R - Calm Down.mp3,Calm Down,songs-file/R%26R%20-%20Calm%20Down.mp3,239.4,0,0,821,R&R,Rave & Roses,2022,"Selena Gomez, Rema",English
1217,NL - No Lie.mp3,No Lie,songs-file/NL%20-%20No%20Lie.mp3,220.272,0,0,822,NL,No Lie,2016,"Sean Paul, Dua Lipa",English
1218,FutrNostlga - Levitating.mp3,Levitating,songs-file/FutrNostlga%20-%20Levitating.mp3,258.336,0,0,823,FutrNostlga,Future Nostalgia,2020,Dua Lipa,English
1219,NR - New Rules.mp3,New Rules,songs-file/NR%20-%20New%20Rules.mp3,209.424,0,0,824,NR,New Rules,2017,Dua Lipa,English
1220,FRNDS - FRIENDS.mp3,FRIENDS,songs-file/FRNDS%20-%20FRIENDS.mp3,202.704,0,0,825,FRNDS,FRIENDS,2018,"Marshmello, Anne-Marie",English
1221,SfHvn - Dandelions.mp3,Dandelions,songs-file/SfHvn%20-%20Dandelions.mp3,228.864,0,0,826,SfHvn,Safe Haven,2017,Ruth B,English
1222,AnglFac - Until I Found You.mp3,Until I Found You,songs-file/AnglFac%20-%20Until%20I%20Found%20You.mp3,175.968,0,0,827,AnglFac,Angel Face,2023,Stephen Sanchez,English
1223,AtLL - Let Her Go.mp3,Let Her Go,songs-file/AtLL%20-%20Let%20Her%20Go.mp3,260.232,0,0,828,AtLL,All the Little Lights,2012,Passenger,English
1224,MMRIS - Memories.mp3,Memories,songs-file/MMRIS%20-%20Memories.mp3,184.512,0,0,829,MMRIS,Memories,2021,Maroon 5,English
1225,M5GLY - Girls Like You.mp3,Girls Like You,songs-file/M5GLY%20-%20Girls%20Like%20You.mp3,232.848,0,0,830,M5GLY,Maroon 5 Girls Like You,2018,Maroon 5,English
1226,NTM - We Don't Talk Anymore.mp3,We Don't Talk Anymore,songs-file/NTM%20-%20We%20Don%27t%20Talk%20Anymore.mp3,217.8,0,0,831,NTM,Nine Track Mind,2016,"Selena Gomez, Charlie Puth",English
1227,SnB - Sugar & Brownies.mp3,Sugar & Brownies,songs-file/SnB%20-%20Sugar%20%26%20Brownies.mp3,198.528,0,0,832,SnB,Sugar and Brownies,2018,DHARIA,English
1229,MgntaRidm - Magenta Riddim.mp3,Magenta Riddim,songs-file/MgntaRidm%20-%20Magenta%20Riddim.mp3,194.568,0,0,834,MgntaRidm,Magenta Riddim,2019,DJ Snake,BGM
1230,Rflcn - Worth It.mp3,Worth It,songs-file/Rflcn%20-%20Worth%20It.mp3,222.984,0,0,835,Rflcn,Reflection,2015,Fifth Harmony,English
1231,SMIL - Harleys In Hawaii.mp3,Harleys In Hawaii,songs-file/SMIL%20-%20Harleys%20In%20Hawaii.mp3,180.072,0,0,836,SMIL,Smile,2020,Katy Perry,English
1232,1989 - Blank Space.mp3,Blank Space,songs-file/1989%20-%20Blank%20Space.mp3,232.008,0,0,837,1989,1989,2014,Taylor Swift,English
1233,UNAPLO - Diamonds.mp3,Diamonds,songs-file/UNAPLO%20-%20Diamonds.mp3,221.928,0,0,838,UNAPLO,Unapologetic,2012,Rihanna,English
1234,TkiTki - Taki Taki.mp3,Taki Taki,songs-file/TkiTki%20-%20Taki%20Taki.mp3,212.616,0,0,833,TkiTki,Taki Taki,2019,"Selena Gomez, Cardi B, Ozuna, DJ Snake","Spanish, English"
1235,BDYSNTH - Show Me The Will 2.mp3,Show Me The Will 2,songs-file/BDYSNTH%20-%20Show%20Me%20The%20Will%202.mp3,220.704,0,0,681,BDYSNTH,BRODYAGA SYNTH,2024,Narvent,BGM
1236,FDDR - Faded (Slowed + Reverb).mp3,Faded (Slowed + Reverb),songs-file/FDDR%20-%20Faded%20%28Slowed%20%2B%20Reverb%29.mp3,240.048,0,0,839,FDDR,Faded (Remixes),2016,Alan Walker,English
1237,BJRNB - Aaj Ki Party.mp3,Aaj Ki Party,songs-file/BJRNB%20-%20Aaj%20Ki%20Party.mp3,280.659592,0,0,46,BJRNB,Bajrangi Bhaijaan,2015,"Shabbir Ahmed, Mika Singh, Shankar-Ehsaan-Loy",Hindi
1238,KICK - Yaar Naa Miley.mp3,Yaar Naa Miley,songs-file/KICK%20-%20Yaar%20Naa%20Miley.mp3,243.278367,0,0,224,KICK,Kick,2014,"Yo Yo Honey Singh, Jasmine Sandlas",Hindi
1239,KICK - Jumme Ki Raat.mp3,Jumme Ki Raat,songs-file/KICK%20-%20Jumme%20Ki%20Raat.mp3,273.893878,0,0,224,KICK,Kick,2014,"Palak Muchhal, Salman Khan",Hindi
1240,J - Nachange Saari Raat.mp3,Nachange Saari Raat,songs-file/J%20-%20Nachange%20Saari%20Raat.mp3,251.585306,0,0,199,J,Junooniyat,2016,"Meet Bros, Tulsi Kumar, Neeraj Shridhar",Hindi
1241,GNDY - Asalaam-e-Ishqum.mp3,Asalaam-e-Ishqum,songs-file/GNDY%20-%20Asalaam-e-Ishqum.mp3,278.622041,0,0,144,GNDY,Gunday,2013,"Bappi Lahiri, Neha Bhasin",Hindi
1242,TVR - Madamiyan.mp3,Madamiyan,songs-file/TVR%20-%20Madamiyan.mp3,300.042449,0,0,840,TVR,Tevar,2015,"Mika Singh, Mamta Sharma",Hindi
1243,ISQZDE - Ishaqzaade.mp3,Ishaqzaade,songs-file/ISQZDE%20-%20Ishaqzaade.mp3,316.917551,0,0,841,ISQZDE,Ishaqzaade,2012,"Shreya Ghoshal, Javed Akhtar",Hindi
1244,ISQZDE - Chokra Jawaan.mp3,Chokra Jawaan,songs-file/ISQZDE%20-%20Chokra%20Jawaan.mp3,310.204082,0,0,841,ISQZDE,Ishaqzaade,2012,"Vishal Dadlani, Sunidhi Chauhan, Amit Trivedi",Hindi
1245,ISQZDE - Jhalla Wallah.mp3,Jhalla Wallah,songs-file/ISQZDE%20-%20Jhalla%20Wallah.mp3,351.477551,0,0,841,ISQZDE,Ishaqzaade,2012,"Shreya Ghoshal, Amit Trivedi",Hindi
1246,DbDml - Jalebi Bai.mp3,Jalebi Bai,songs-file/DbDml%20-%20Jalebi%20Bai.mp3,238.106122,0,0,842,DbDml,Double Dhamaal,2011,"Ritu Pathak, Anand Raj Anand",Hindi
1247,H2 - Anarkali Disco Chali.mp3,Anarkali Disco Chali,songs-file/H2%20-%20Anarkali%20Disco%20Chali.mp3,293.982041,0,0,165,H2,Housefull 2,2012,"Sukhwinder Singh, Mamta Sharma",Hindi
1248,TDP - Ooh La La.mp3,Ooh La La,songs-file/TDP%20-%20Ooh%20La%20La.mp3,258.089796,0,0,372,TDP,The Dirty Picture,2011,Bappi Lahiri,Hindi
1249,DBNG - Munni Badnaam.mp3,Munni Badnaam,songs-file/DBNG%20-%20Munni%20Badnaam.mp3,307.09551,0,0,786,DBNG,Dabangg,2010,Mamta Sharma,Hindi
1250,DBNG2 - Fevicol Se.mp3,Fevicol Se,songs-file/DBNG2%20-%20Fevicol%20Se.mp3,289.906939,0,0,85,DBNG2,Dabangg 2,2012,"Wajid Ali, Mamta Sharma",Hindi
1251,SJ - Dilbar.mp3,Dilbar,songs-file/SJ%20-%20Dilbar.mp3,184.52898,0,0,333,SJ,Satyameva Jayate,2018,"Ikka Singh, Dhvani Bhanushali, Neha Kakkar",Hindi
1252,BtlaHs - O Saki Saki.mp3,O Saki Saki,songs-file/BtlaHs%20-%20O%20Saki%20Saki.mp3,191.137959,0,0,843,BtlaHs,Batla House,2019,"Neha Kakkar, Tanishk Bagchi, B Praak, Vishal-Shekhar, Tulsi Kumar",Hindi
1253,KGF1 - Gali Gali.mp3,Gali Gali,songs-file/KGF1%20-%20Gali%20Gali.mp3,174.785306,0,0,844,KGF1,K G F Chapter 1,2018,Neha Kakkar,Hindi
1254,Str2 - Aaj Ki Raat.mp3,Aaj Ki Raat,songs-file/Str2%20-%20Aaj%20Ki%20Raat.mp3,228.649796,0,0,845,Str2,Stree 2,2024,"Sachin-Jigar, Amitabh Bhattacharya, Divya Kumar, Madhubanti Bagchi",Hindi
1255,DMD - Mit Jaaye Gham (Dum Maaro Dum).mp3,Mit Jaaye Gham (Dum Maaro Dum),songs-file/DMD%20-%20Mit%20Jaaye%20Gham%20%28Dum%20Maaro%20Dum%29.mp3,234.083265,0,0,115,DMD,Dum Maaro Dum,2011,Anushka Manchanda,Hindi
1256,1Ks - One Kiss.mp3,One Kiss,songs-file/1Ks%20-%20One%20Kiss.mp3,211.488,0,0,846,1Ks,One Kiss,2018,"Dua Lipa, Calvin Harris",English
1257,Dhdk - Dhadak Title Track.mp3,Dhadak Title Track,songs-file/Dhdk%20-%20Dhadak%20Title%20Track.mp3,243.539592,0,0,847,Dhdk,Dhadak,2018,"Shreya Ghoshal, Ajay Gogavale",Hindi
1258,SHNCHN - Shinchan Title Song (Mera naam hi Shinchan hai).mp3,Shinchan Title Song (Mera naam hi Shinchan hai),songs-file/SHNCHN%20-%20Shinchan%20Title%20Song%20%28Mera%20naam%20hi%20Shinchan%20hai%29.mp3,63.768,0,0,848,SHNCHN,Shinchan,1992,Shinchan,"Hindi, Cartoon"
1259,SHNCHN - JAB DEKHO TAB SHAITANI.mp3,JAB DEKHO TAB SHAITANI,songs-file/SHNCHN%20-%20JAB%20DEKHO%20TAB%20SHAITANI.mp3,79.272,0,0,848,SHNCHN,Shinchan,1992,Shinchan,"Hindi, Cartoon"
1260,NnjHtri - Ninja Hattori (Title Track).mp3,Ninja Hattori (Title Track),songs-file/NnjHtri%20-%20Ninja%20Hattori%20%28Title%20Track%29.mp3,72.888,0,0,849,NnjHtri,Ninja Hattori,1981,Ninja Hattori,"Hindi, Cartoon"
1261,NnjHtri - Ha Ha Ha Hattori.mp3,Ha Ha Ha Hattori,songs-file/NnjHtri%20-%20Ha%20Ha%20Ha%20Hattori.mp3,59.496,0,0,849,NnjHtri,Ninja Hattori,1981,Ninja Hattori,"Hindi, Cartoon"
1262,D - Gol Sa Banao (Doraemon Drawing).mp3,Gol Sa Banao (Doraemon Drawing),songs-file/D%20-%20Gol%20Sa%20Banao%20%28Doraemon%20Drawing%29.mp3,60.048,0,0,112,D,Doraemon,1979,Doraemon,"Hindi, Cartoon"
1263,CBAK - Chhota Bheem Aur Krishna.mp3,Chhota Bheem Aur Krishna,songs-file/CBAK%20-%20Chhota%20Bheem%20Aur%20Krishna.mp3,79.704,0,0,850,CBAK,Chhota Bheem Aur Krishna,2008,Chhota Bheem,"Hindi, Cartoon"
1264,ChtaBhm - Chhota Bheem.mp3,Chhota Bheem,songs-file/ChtaBhm%20-%20Chhota%20Bheem.mp3,76.752,0,0,851,ChtaBhm,Chhota Bheem,2008,Chhota Bheem,"Hindi, Cartoon"
1265,Sktmn - Shaktimaan.mp3,Shaktimaan,songs-file/Sktmn%20-%20Shaktimaan.mp3,129.096,0,0,852,Sktmn,Shaktimaan,1997,"Pandit Ajay Pohankar, Vinod Rathod","Hindi, Cartoon"
1266,Hnmn - Akdam Bakdam.mp3,Akdam Bakdam,songs-file/Hnmn%20-%20Akdam%20Bakdam.mp3,162.873469,0,0,853,Hnmn,Hanuman,2005,Shravan Rathod,"Hindi, Cartoon"
1267,BlGnsh - Shankarji Ka Damroo Baje.mp3,Shankarji Ka Damroo Baje,songs-file/BlGnsh%20-%20Shankarji%20Ka%20Damroo%20Baje.mp3,273.110204,0,0,854,BlGnsh,Bal Ganesh,2007,Kailash Kher,"Hindi, Cartoon"
1268,Ghtkch - Main Hoon Ghatothkach.mp3,Main Hoon Ghatothkach,songs-file/Ghtkch%20-%20Main%20Hoon%20Ghatothkach.mp3,140.094694,0,0,855,Ghtkch,Ghatothkach,2008,Shravan Rathod,"Hindi, Cartoon"
1269,KTB - Krishna - The Birth Song.mp3,Krishna - The Birth Song,songs-file/KTB%20-%20Krishna%20-%20The%20Birth%20Song.mp3,60.744,0,0,856,KTB,Krishna: The Birth,2006,Radha-Krishna,"Hindi, Cartoon"
1270,Hnmn - Hanuman Theme.mp3,Hanuman Theme,songs-file/Hnmn%20-%20Hanuman%20Theme.mp3,183.536327,0,0,853,Hnmn,Hanuman,2005,Swapnil Bandodkar,"Hindi, Cartoon"
1271,Hnmn - Mahabali Maharudra.mp3,Mahabali Maharudra,songs-file/Hnmn%20-%20Mahabali%20Maharudra.mp3,281.443265,0,0,853,Hnmn,Hanuman,2005,"Kailash Kher, Shaan, Sonu Nigam, Madhushree, Sneha Pant, Tapas Relia, Palash Sen, Vijay Prakash","Hindi, Cartoon"
1272,RtHnmn - Aasman Ko Chukar.mp3,Aasman Ko Chukar,songs-file/RtHnmn%20-%20Aasman%20Ko%20Chukar.mp3,274.12898,0,0,857,RtHnmn,Return of Hanuman,2007,"Daler Mehndi, Tapas Relia, Shaznine, Francois Castellino, Neuman Pinto","Hindi, Cartoon"
1273,RtHnmn - Blackhole.mp3,Blackhole,songs-file/RtHnmn%20-%20Blackhole.mp3,290.246531,0,0,857,RtHnmn,Return of Hanuman,2007,"Adnan Sami, Vijay Prakash, Tapas Relia","Hindi, Cartoon"
1274,RtHnmn - Dhishum Dhishum.mp3,Dhishum Dhishum,songs-file/RtHnmn%20-%20Dhishum%20Dhishum.mp3,249.129796,0,0,857,RtHnmn,Return of Hanuman,2007,"Shravan Rathod, Tapas Relia","Hindi, Cartoon"
1275,RtHnmn - Superstar.mp3,Superstar,songs-file/RtHnmn%20-%20Superstar.mp3,160.156735,0,0,857,RtHnmn,Return of Hanuman,2007,"Francois Castellino, Tapas Relia, Shaznine","Hindi, Cartoon"
1276,RtHnmn - Instrumental Medley.mp3,Instrumental Medley,songs-file/RtHnmn%20-%20Instrumental%20Medley.mp3,373.002449,0,0,857,RtHnmn,Return of Hanuman,2007,Tapas Relia,"BGM, Cartoon"
1277,WhtLght - Goth (Slowed + Reverb).mp3,Goth (Slowed + Reverb),songs-file/WhtLght%20-%20Goth%20%28Slowed%20%2B%20Reverb%29.mp3,252.672,0,0,858,WhtLght,White Light,2015,Sidewalks and Skeletons,BGM
1278,NoRots - No Roots.mp3,No Roots,songs-file/NoRots%20-%20No%20Roots.mp3,236.448,0,0,859,NoRots,No Roots,2016,Alice Merton,English
1279,Chva - Aaya Re Toofan.mp3,Aaya Re Toofan,songs-file/Chva%20-%20Aaya%20Re%20Toofan.mp3,279.693061,0,0,860,Chva,Chhaava,2025,"A. R. Rahman, Vaishali Samant, Kshitij Patwardhan, Irshad Kamil",Hindi
1280,SNJU - Kar Har Maidaan Fateh.mp3,Kar Har Maidaan Fateh,songs-file/SNJU%20-%20Kar%20Har%20Maidaan%20Fateh.mp3,311.954286,0,0,861,SNJU,Sanju,2018,"Shreya Ghoshal, Sukhwinder Singh",Hindi
1281,SNJU - Main Badhiya Tu Bhi Badhiya.mp3,Main Badhiya Tu Bhi Badhiya,songs-file/SNJU%20-%20Main%20Badhiya%20Tu%20Bhi%20Badhiya.mp3,274.311837,0,0,861,SNJU,Sanju,2018,"Sonu Nigam, Sunidhi Chauhan",Hindi
1282,MTM - Funkytown.mp3,Funkytown,songs-file/MTM%20-%20Funkytown.mp3,238.632,0,0,862,MTM,Mouth to Mouth,1979,Lipps Inc.,English
1283,IMPRUS - Imperius.mp3,Imperius,songs-file/IMPRUS%20-%20Imperius.mp3,136.632,0,0,863,IMPRUS,Imperius,2023,Caleb Bryant,BGM
1284,Tnhji - Maay Bhavani.mp3,Maay Bhavani,songs-file/Tnhji%20-%20Maay%20Bhavani.mp3,258.821224,0,0,864,Tnhji,Tanhaji,2020,"Shreya Ghoshal, Sukhwinder Singh, Ajay-Atul",Hindi
1285,47 - Beanie.mp3,Beanie,songs-file/47%20-%20Beanie.mp3,148.392,0,0,865,47,47,2024,Chezile,Hindi
1286,ZNMD - Dil Dhadakne Do.mp3,Dil Dhadakne Do,songs-file/ZNMD%20-%20Dil%20Dhadakne%20Do.mp3,231.941224,0,0,409,ZNMD,Zindagi Na Milegi Dobara,2011,"Joi Barua, Suraj Jagan, Shankar Mahadevan",Hindi
1287,TZP - Kholo Kholo.mp3,Kholo Kholo,songs-file/TZP%20-%20Kholo%20Kholo.mp3,312.058776,0,0,357,TZP,Taare Zameen Par,2007,Raman Mahadevan,Hindi
1288,KHKN - Ae Kash Ke Hum.mp3,Ae Kash Ke Hum,songs-file/KHKN%20-%20Ae%20Kash%20Ke%20Hum.mp3,310.465306,0,0,866,KHKN,Kabhi Haan Kabhi Naa,1994,"Kumar Sanu, Jatin-Lalit",Hindi
1289,PRDIS - Paradise.mp3,Paradise,songs-file/PRDIS%20-%20Paradise.mp3,274.56,0,0,867,PRDIS,Paradise,2011,Coldplay,English
1290,HMH&S - BIRDS OF A FEATHER.mp3,BIRDS OF A FEATHER,songs-file/HMH%26S%20-%20BIRDS%20OF%20A%20FEATHER.mp3,210.48,0,0,868,HMH&S,Hit Me Hard and Soft,2024,Billie Eilish,English
1291,PRCTS - Yellow.mp3,Yellow,songs-file/PRCTS%20-%20Yellow.mp3,268.56,0,0,869,PRCTS,Parachutes,2000,Coldplay,English
1292,BTO - Be the One.mp3,Be the One,songs-file/BTO%20-%20Be%20the%20One.mp3,203.016,0,0,870,BTO,Be the One,2015,Dua Lipa,English
1293,UAN - What Makes You Beautiful.mp3,What Makes You Beautiful,songs-file/UAN%20-%20What%20Makes%20You%20Beautiful.mp3,203.328,0,0,871,UAN,Up All Night,2011,One Direction,English
1294,TWLaSS - Save Your Tears.mp3,Save Your Tears,songs-file/TWLaSS%20-%20Save%20Your%20Tears.mp3,216.24,0,0,872,TWLaSS,The Weeknd: Live at SoFi Stadium,2023,Abel Tesfaye,English
1295,JSTS - Ghost.mp3,Ghost,songs-file/JSTS%20-%20Ghost.mp3,152.688,0,0,873,JSTS,Justice,2021,Justin Bieber,English
1296,Ilumnte - There’s Nothing Holdin’ Me Back.mp3,There’s Nothing Holdin’ Me Back,songs-file/Ilumnte%20-%20There%E2%80%99s%20Nothing%20Holdin%E2%80%99%20Me%20Back.mp3,205.056,0,0,874,Ilumnte,Illuminate,2016,Shawn Mendes,English
1297,MotS - My Universe.mp3,My Universe,songs-file/MotS%20-%20My%20Universe.mp3,228.36,0,0,875,MotS,Music of the Spheres,2021,"Coldplay, BTS",English
1298,GTAVC - GTA Vice City Theme (Extended).mp3,GTA Vice City Theme (Extended),songs-file/GTAVC%20-%20GTA%20Vice%20City%20Theme%20%28Extended%29.mp3,210.168,0,0,479,GTAVC,GTA Vice City,2002,Tommy Vercetti,"BGM, English"
1299,SariSani - Not A Teaser (Theme).mp3,Not A Teaser (Theme),songs-file/SariSani%20-%20Not%20A%20Teaser%20%28Theme%29.mp3,80.04,0,0,877,SariSani,Saripodhaa Sanivaaram,2024,"Jakes Bejoy, Sanapati Bharadwaj Patrudu","BGM, Tamil"
1300,Mntro - INDUSTRY BABY.mp3,INDUSTRY BABY,songs-file/Mntro%20-%20INDUSTRY%20BABY.mp3,212.088163,0,0,878,Mntro,MONTERO,2021,Lil Nas X,English
1301,HBJ - Aashiq Tera.mp3,Aashiq Tera,songs-file/HBJ%20-%20Aashiq%20Tera.mp3,294.817959,0,0,879,HBJ,Happy Bhag Jayegi,2016,"Mudassar Aziz, Sohail Sen, Altamash Faridi",Hindi
1302,MNIK - Tere Naina.mp3,Tere Naina,songs-file/MNIK%20-%20Tere%20Naina.mp3,278.674286,0,0,262,MNIK,My Name Is Khan,2010,"Shafqat Amanat Ali, Shankar-Ehsaan-Loy",Hindi
1303,JwniDwni - Jane Jaan Dhoondta.mp3,Jane Jaan Dhoondta,songs-file/JwniDwni%20-%20Jane%20Jaan%20Dhoondta.mp3,354.899592,0,0,880,JwniDwni,Jawani Diwani,1972,"R. D. Burman, Kishore Kumar, Asha Bhosle",Hindi
1304,LvStry - Dekho Maine Dekha Hai Ek Sapna.mp3,Dekho Maine Dekha Hai Ek Sapna,songs-file/LvStry%20-%20Dekho%20Maine%20Dekha%20Hai%20Ek%20Sapna.mp3,257.906939,0,0,881,LvStry,Love Story,1981,"Amit Kumar, Lata Mangeshkar",Hindi
1305,PP - International Love.mp3,International Love,songs-file/PP%20-%20International%20Love.mp3,227.343675,0,0,882,PP,Planet Pit,2011,"Pitbull, Chris Brown",English
1306,MSTI - Dil De Diya Hai.mp3,Dil De Diya Hai,songs-file/MSTI%20-%20Dil%20De%20Diya%20Hai.mp3,366.837551,0,0,883,MSTI,Masti,2004,"Anand Raj Anand, Sameer Anjaan",Hindi
1307,KABIL - Haseeno Ka Deewana.mp3,Haseeno Ka Deewana,songs-file/KABIL%20-%20Haseeno%20Ka%20Deewana.mp3,229.250612,0,0,202,KABIL,Kaabil,2016,"Raftaar, Payal Dev",Hindi
1309,KABIL - Kaabil Hoon.mp3,Kaabil Hoon,songs-file/KABIL%20-%20Kaabil%20Hoon.mp3,314.122449,0,0,202,KABIL,Kaabil,2016,"Jubin Nautiyal, Palak Muchhal",Hindi
1310,NTV - Counting Stars.mp3,Counting Stars,songs-file/NTV%20-%20Counting%20Stars.mp3,257.541224,0,0,884,NTV,Native,2013,OneRepublic,English
1311,4EVRYNG - Forever Young.mp3,Forever Young,songs-file/4EVRYNG%20-%20Forever%20Young.mp3,222.798367,0,0,885,4EVRYNG,Forever Young,1984,Alphaville,Hindi
1312,TFC - The Final Countdown.mp3,The Final Countdown,songs-file/TFC%20-%20The%20Final%20Countdown.mp3,307.382857,0,0,886,TFC,The Final Countdown,1986,Europe,English
1313,COADF - Hung Up.mp3,Hung Up,songs-file/COADF%20-%20Hung%20Up.mp3,197.485714,0,0,887,COADF,Confessions on a Dance Floor,2005,Madonna,English
1314,CndyShp - Candy Shop.mp3,Candy Shop,songs-file/CndyShp%20-%20Candy%20Shop.mp3,239.333878,0,0,888,CndyShp,Candy Shop,2005,50 Cent,English
1315,GRoDT - In da Club.mp3,In da Club,songs-file/GRoDT%20-%20In%20da%20Club.mp3,194.089796,0,0,889,GRoDT,Get Rich or Die Tryin',2003,50 Cent,English
1316,TheMscre - Just A Lil Bit.mp3,Just A Lil Bit,songs-file/TheMscre%20-%20Just%20A%20Lil%20Bit.mp3,237.923265,0,0,890,TheMscre,The Massacre,2005,50 Cent,English
1317,2001 - Still D.R.E..mp3,Still D.R.E.,songs-file/2001%20-%20Still%20D.R.E..mp3,290.220408,0,0,806,2001,2001,1999,"Snoop Dogg, Dr. Dre",English
1318,RktChrit - MILA TOH MAREGA.mp3,MILA TOH MAREGA,songs-file/RktChrit%20-%20MILA%20TOH%20MAREGA.mp3,219.533061,0,0,891,RktChrit,Rakta Charitra,2010,"Ravindra Upadhyay, Vishvesh Parmar",Hindi
1319,MNSHA - Manasha.mp3,Manasha,songs-file/MNSHA%20-%20Manasha.mp3,116.27102,0,0,892,MNSHA,Manasha,2024,Ashreveal,BGM
1320,вктк - вот как то так (Slowed).mp3,вот как то так (Slowed),songs-file/%D0%B2%D0%BA%D1%82%D0%BA%20-%20%D0%B2%D0%BE%D1%82%20%D0%BA%D0%B0%D0%BA%20%D1%82%D0%BE%20%D1%82%D0%B0%D0%BA%20%28Slowed%29.mp3,355.73551,0,0,893,вктк,вот как то так,2023,asanrap,Russian
1321,ChsTypBet - Chess (Type Beat).mp3,Chess (Type Beat),songs-file/ChsTypBet%20-%20Chess%20%28Type%20Beat%29.mp3,142.106122,0,0,894,ChsTypBet,Chess (Type Beat),2025,Unknown,BGM
1322,SSHL - Pretty Little Baby.mp3,Pretty Little Baby,songs-file/SSHL%20-%20Pretty%20Little%20Baby.mp3,142.602449,0,0,895,SSHL,"Connie Francis Sings ""Second Hand Love""",1962,Connie Francis,English
1323,OFTC - Superstar.mp3,Superstar,songs-file/OFTC%20-%20Superstar.mp3,186.148571,0,0,896,OFTC,ONE FROM THE CROWD,2025,dox,Punjabi
1324,BYE - Bye.mp3,Bye,songs-file/BYE%20-%20Bye.mp3,180.088163,0,0,897,BYE,Bye,2022,Aditya Bhardwaj,Hindi
1325,HRPNT - Raat Bhar.mp3,Raat Bhar,songs-file/HRPNT%20-%20Raat%20Bhar.mp3,325.659864,0,0,159,HRPNT,Heropanti,2014,"Shreya Ghoshal, Arijit Singh, Sajid-Wajid",Hindi
1326,JHOL - Jhol.mp3,Jhol,songs-file/JHOL%20-%20Jhol.mp3,265.822041,0,0,898,JHOL,Jhol,2024,"Annural Khalid, Maanu","Punjabi, Urdu"
1327,VLHTA - Teri Yaad…Yaad.mp3,Teri Yaad…Yaad,songs-file/VLHTA%20-%20Teri%20Yaad%E2%80%A6Yaad.mp3,296.8439,0,0,388,VLHTA,Vaah! Life Ho Toh Aisi!,2005,"Jayesh Gandhi, KK",Hindi
1328,DMM - GUSTAKH DIL TERE LIYE.mp3,GUSTAKH DIL TERE LIYE,songs-file/DMM%20-%20GUSTAKH%20DIL%20TERE%20LIYE.mp3,307.24644,0,0,899,DMM,Dil Maange More,2004,"Sonu Nigam, Sunidhi Chauhan, Sameer Anjaan, Himesh Reshammiya",Hindi
1329,RACE - Khwab Dekhe (Sexy Lady).mp3,Khwab Dekhe (Sexy Lady),songs-file/RACE%20-%20Khwab%20Dekhe%20%28Sexy%20Lady%29.mp3,279.986213,0,0,307,RACE,Race,2008,"Monali Thakur, Pritam Chakraborty, Neeraj Shridhar",Hindi
1330,RckyHndsm - Rock Tha Party.mp3,Rock Tha Party,songs-file/RckyHndsm%20-%20Rock%20Tha%20Party.mp3,211.464127,0,0,900,RckyHndsm,Rocky Handsome,2004,Bombay Rockers,Hindi
1331,SAPHIR - Sapphire.mp3,Sapphire,songs-file/SAPHIR%20-%20Sapphire.mp3,178.561451,0,0,901,SAPHIR,Sapphire,2025,"Arijit Singh, Ed Sheeran","Punjabi, Hindi, English"
1332,ITT - Ishq Tera Tadpave (Oh Ho Ho Ho).mp3,Ishq Tera Tadpave (Oh Ho Ho Ho),songs-file/ITT%20-%20Ishq%20Tera%20Tadpave%20%28Oh%20Ho%20Ho%20Ho%29.mp3,366.917,0,0,902,ITT,Ishq Tera Tadpave,1999,Sukhbir,Punjabi
1333,BTRR - Bolo Ta Ra Ra.mp3,Bolo Ta Ra Ra,songs-file/BTRR%20-%20Bolo%20Ta%20Ra%20Ra.mp3,313.097868,0,0,903,BTRR,Bolo Ta Ra Ra,1995,Daler Mehndi,Punjabi
1334,HJBB - Ho Jayegi Balle Balle.mp3,Ho Jayegi Balle Balle,songs-file/HJBB%20-%20Ho%20Jayegi%20Balle%20Balle.mp3,289.599274,0,0,904,HJBB,Ho Jayegi Balle Balle,1999,Daler Mehndi,Punjabi
1335,TTT - Tunak Tunak Tun.mp3,Tunak Tunak Tun,songs-file/TTT%20-%20Tunak%20Tunak%20Tun.mp3,303.182948,0,0,905,TTT,Tunak Tunak Tun,1998,Daler Mehndi,Punjabi
1336,DDDG - BILLO RANI.mp3,BILLO RANI,songs-file/DDDG%20-%20BILLO%20RANI.mp3,332.55619,0,0,906,DDDG,Dhan Dhana Dhan Goal,2007,"Pritam Chakraborty, Richa Sharma, Javed Akhtar, Anand Raj Anand",Hindi
1337,DsiBz - Jhak Maar Ke.mp3,Jhak Maar Ke,songs-file/DsiBz%20-%20Jhak%20Maar%20Ke.mp3,233.128345,0,0,418,DsiBz,Desi Boyz,2011,"Harshdeep Kaur, Pritam Chakraborty, Neeraj Shridhar",Hindi
1338,REDY - Meri Ada Bhi.mp3,Meri Ada Bhi,songs-file/REDY%20-%20Meri%20Ada%20Bhi.mp3,245.66712,0,0,318,REDY,Ready,2011,"Rahat Fateh Ali Khan, Tulsi Kumar",Hindi
1339,DORIE - Doorie.mp3,Doorie,songs-file/DORIE%20-%20Doorie.mp3,292.56,0,0,531,DORIE,Doorie,2006,"Sachin Gupta, Atif Aslam",Hindi
1340,JUC - Queen of Hearts.mp3,Queen of Hearts,songs-file/JUC%20-%20Queen%20of%20Hearts.mp3,202.272,0,0,907,JUC,Juice,1981,Juice Newton,English
1341,TIYS - Young Turks.mp3,Young Turks,songs-file/TIYS%20-%20Young%20Turks.mp3,269.232,0,0,908,TIYS,Tonight I'm Yours,1981,Rod Stewart,English
1342,TOTO - Hold the Line.mp3,Hold the Line,songs-file/TOTO%20-%20Hold%20the%20Line.mp3,238.512,0,0,909,TOTO,Toto,1978,Toto (band),English
1343,BLAH! - BLAH!.mp3,BLAH!,songs-file/BLAH%21%20-%20BLAH%21.mp3,151.579864,0,0,910,BLAH!,BLAH!,2024,Nomi XD,BGM
1344,BLAH! - BLAH! (Slowed + Reverb).mp3,BLAH! (Slowed + Reverb),songs-file/BLAH%21%20-%20BLAH%21%20%28Slowed%20%2B%20Reverb%29.mp3,169.13415,0,0,910,BLAH!,BLAH!,2024,Nomi XD,BGM
1345,44 - камин (Kamin).mp3,камин (Kamin),songs-file/44%20-%20%D0%BA%D0%B0%D0%BC%D0%B8%D0%BD%20%28Kamin%29.mp3,184.784399,0,0,911,44,44,2023,"Emin, JONY",Russian
1347,HOT - History Of Time.mp3,History Of Time,songs-file/HOT%20-%20History%20Of%20Time.mp3,268.874014,0,0,912,HOT,History Of Time,2022,Ender Guney,Instrumental
1348,Frgmnt - fragment.mp3,fragment,songs-file/Frgmnt%20-%20fragment.mp3,82.580317,0,0,913,Frgmnt,fragment,2025,slxughter,BGM
1349,PNAMA - Panama.mp3,Panama,songs-file/PNAMA%20-%20Panama.mp3,200.782948,0,0,914,PNAMA,Panama,2018,Matteo,Romanian
1350,PBS - Passo Bem Solto (Phonk).mp3,Passo Bem Solto (Phonk),songs-file/PBS%20-%20Passo%20Bem%20Solto%20%28Phonk%29.mp3,103.468118,0,0,915,PBS,Passo Bem Solto,2025,ATLXS,BGM
1351,TCHNOFNK - TECHNOLOGIA FUNK.mp3,TECHNOLOGIA FUNK,songs-file/TCHNOFNK%20-%20TECHNOLOGIA%20FUNK.mp3,99.752925,0,0,916,TCHNOFNK,TECHNOLOGIA FUNK,2025,WUYS,BGM
1352,LSVLTAJ - LOS VOLTAJE.mp3,LOS VOLTAJE,songs-file/LSVLTAJ%20-%20LOS%20VOLTAJE.mp3,99.298685,0,0,917,LSVLTAJ,LOS VOLTAJE,2025,Sayfalse,BGM
1353,YngKiBlu - Yung Kai Blue.mp3,Yung Kai Blue,songs-file/YngKiBlu%20-%20Yung%20Kai%20Blue.mp3,221.355828,0,0,919,YngKiBlu,Yung Kai Blue,2025,Vadly Emily,"Chinese, Canadian"
1354,LHMT - Lady (Hear Me Tonight).mp3,Lady (Hear Me Tonight),songs-file/LHMT%20-%20Lady%20%28Hear%20Me%20Tonight%29.mp3,221.193288,0,0,920,LHMT,Lady (Hear Me Tonight),2001,Modjo,English
1355,EPL - Tere Bin Nahi Laage.mp3,Tere Bin Nahi Laage,songs-file/EPL%20-%20Tere%20Bin%20Nahi%20Laage.mp3,222.400726,0,0,921,EPL,Ek Paheli Leela,2015,Uzair Jaswal,Hindi
1356,LKSY - Lakshya.mp3,Lakshya,songs-file/LKSY%20-%20Lakshya.mp3,375.722086,0,0,236,LKSY,Lakshya,2004,Shankar-Ehsaan-Loy,Hindi
1357,AMRIC - A Horse With No Name.mp3,A Horse With No Name,songs-file/AMRIC%20-%20A%20Horse%20With%20No%20Name.mp3,251.564989,0,0,922,AMRIC,America,1971,America (band),English
1358,EM2022R - Two Tickets to Paradise (2022 Remaster).mp3,Two Tickets to Paradise (2022 Remaster),songs-file/EM2022R%20-%20Two%20Tickets%20to%20Paradise%20%282022%20Remaster%29.mp3,240.419388,0,0,923,EM2022R,Eddie Money (2022 Remaster),1977,Eddie Money,English
1359,PLNSN - Free Bird.mp3,Free Bird,songs-file/PLNSN%20-%20Free%20Bird.mp3,550.382585,0,0,924,PLNSN,(Pronounced 'Lĕh-'nérd 'Skin-'nérd),1973,Lynyrd Skynyrd,English
1360,ThPrdtr - Check Yo Self.mp3,Check Yo Self,songs-file/ThPrdtr%20-%20Check%20Yo%20Self.mp3,272.553292,0,0,925,ThPrdtr,The Predator,1992,Ice Cube,English
1361,ThPrdtr - It Was a Good Day.mp3,It Was a Good Day,songs-file/ThPrdtr%20-%20It%20Was%20a%20Good%20Day.mp3,260.166531,0,0,925,ThPrdtr,The Predator,1992,Ice Cube,English
1362,LKSY - Agar Main Kahoon.mp3,Agar Main Kahoon,songs-file/LKSY%20-%20Agar%20Main%20Kahoon.mp3,292.826848,0,0,236,LKSY,Lakshya,2004,"Alka Yagnik, Udit Narayan, Shankar-Ehsaan-Loy",Hindi
1363,DCH - Woh Ladki Hai Kahan.mp3,Woh Ladki Hai Kahan,songs-file/DCH%20-%20Woh%20Ladki%20Hai%20Kahan.mp3,306.220408,0,0,926,DCH,Dil Chahta Hai,2001,"Shaan, Kavita Subrahmanyam",Hindi
1364,TTWC - Oh Lala Re.mp3,Oh Lala Re,songs-file/TTWC%20-%20Oh%20Lala%20Re.mp3,317.138141,0,0,927,TTWC,Taarzan: The Wonder Car,2004,"Alka Yagnik, KK, Himesh Reshammiya, Sameer Anjaan",Hindi
1365,KHGN - Aao Na.mp3,Aao Na,songs-file/KHGN%20-%20Aao%20Na.mp3,388.005442,0,0,928,KHGN,Kyun! Ho Gaya Na...,2004,"Sadhana Sargam, Shankar Mahadevan, Udit Narayan",Hindi
1366,HIWY - Patakha Guddi.mp3,Patakha Guddi,songs-file/HIWY%20-%20Patakha%20Guddi.mp3,285.187483,0,0,161,HIWY,Highway,2014,Nooran Sisters,"Punjabi, Hindi, Urdu"
1367,BRFI - Kyon.mp3,Kyon,songs-file/BRFI%20-%20Kyon.mp3,266.07746,0,0,48,BRFI,Barfi!,2012,"Papon, Pritam Chakraborty, Sunidhi Chauhan, Sunitha Sarathy",Hindi
1368,PCM - Made in Romania.mp3,Made in Romania,songs-file/PCM%20-%20Made%20in%20Romania.mp3,243.693424,0,0,929,PCM,Ploua Cu Milioane,2004,Ionut Cercel,Romanian
1369,AdVdnt - Prasanna Vadanam.mp3,Prasanna Vadanam,songs-file/AdVdnt%20-%20Prasanna%20Vadanam.mp3,306.096,0,0,930,AdVdnt,Advaita Vedānta,0,Adi Shankara,Sanskrit
1370,HdLit - Headlights.mp3,Headlights,songs-file/HdLit%20-%20Headlights.mp3,158.416689,0,0,931,HdLit,Headlight,2024,"Alan Walker, 2024",English
1371,WAItSiYW - Who Am I to Stand in Your Way.mp3,Who Am I to Stand in Your Way,songs-file/WAItSiYW%20-%20Who%20Am%20I%20to%20Stand%20in%20Your%20Way.mp3,285.035102,0,0,932,WAItSiYW,Who Am I to Stand in Your Way,2014,Chester See,English
1372,BRTHLS - Melt the Snow.mp3,Melt the Snow,songs-file/BRTHLS%20-%20Melt%20the%20Snow.mp3,227.973515,0,0,933,BRTHLS,Breathless,2007,Shayne Ward,English
1373,SfAS - 大展鴻圖(Blueprint Supreme).mp3,大展鴻圖(Blueprint Supreme),songs-file/SfAS%20-%20%E5%A4%A7%E5%B1%95%E9%B4%BB%E5%9C%96%28Blueprint%20Supreme%29.mp3,209.52,0,0,934,SfAS,八方來財(Stacks from All Sides),2024,SKAI ISYOURGOD,Chinese
1374,CrystlSks - Crystal Skies.mp3,Crystal Skies,songs-file/CrystlSks%20-%20Crystal%20Skies.mp3,151.248,0,0,935,CrystlSks,Crystal Skies,2024,"VXLLAIN, ENXK, iGRES",BGM
1375,SIYARA - Saiyaara.mp3,Saiyaara,songs-file/SIYARA%20-%20Saiyaara.mp3,366.744,0,0,936,SIYARA,Saiyaara,2025,"Faheem Abdullah, Arslan Nizami, Tanishk Bagchi",Hindi
1376,StymvJyte - Chiraiya.mp3,Chiraiya,songs-file/StymvJyte%20-%20Chiraiya.mp3,197.12,0,0,937,StymvJyte,Satyamev Jayate,2012,Swanand Kirkire,Hindi
1377,ThBgnin - Cupid (Twin version).mp3,Cupid (Twin version),songs-file/ThBgnin%20-%20Cupid%20%28Twin%20version%29.mp3,174.132225,0,0,938,ThBgnin,The Beginning,2023,FIFTY FIFTY,Korean
1378,Lglsd - Mundian to Bach Ke.mp3,Mundian to Bach Ke,songs-file/Lglsd%20-%20Mundian%20to%20Bach%20Ke.mp3,236.956725,0,0,939,Lglsd,Mundian to Bach Ke,2002,Panjabi MC,Punjabi
1379,Мтшк - Матушка.mp3,Матушка,songs-file/%D0%9C%D1%82%D1%88%D0%BA%20-%20%D0%9C%D0%B0%D1%82%D1%83%D1%88%D0%BA%D0%B0.mp3,169.168975,0,0,940,Мтшк,Матушка,2022,Tatiana Kurtukova,Russian
1380,DNO - Danza Kuduro (Remix).mp3,Danza Kuduro (Remix),songs-file/DNO%20-%20Danza%20Kuduro%20%28Remix%29.mp3,218.671,0,0,414,DNO,Don Omar,2010,Don Omar,Spanish
1381,DON - Ye Mera Dil.mp3,Ye Mera Dil,songs-file/DON%20-%20Ye%20Mera%20Dil.mp3,279.6,0,0,487,DON,Don (The Chase Begins Again),2006,Sunidhi Chauhan,Hindi
1382,DON - Khaike Paan Banaraswala.mp3,Khaike Paan Banaraswala,songs-file/DON%20-%20Khaike%20Paan%20Banaraswala.mp3,321.36,0,0,487,DON,Don (The Chase Begins Again),2006,Udit Narayan,Hindi
1383,YHM - YOSHO HAI MONTAGEM.mp3,YOSHO HAI MONTAGEM,songs-file/YHM%20-%20YOSHO%20HAI%20MONTAGEM.mp3,84.08815,0,0,941,YHM,YOSHO HAI MONTAGEM,2025,Torbahed,BGM
1384,SnL - Bailando (English Version).mp3,Bailando (English Version),songs-file/SnL%20-%20Bailando%20%28English%20Version%29.mp3,271.856325,0,0,609,SnL,Sex and Love,2014,Enrique Iglesias,"Spanish, English"
1385,"123 - 1, 2, 3.mp3","1, 2, 3",songs-file/123%20-%201%2C%202%2C%203.mp3,197.4857,0,0,942,123,"1, 2, 3",2018,"Sofia Reyes, De la Ghetto, Jason Derulo","Spanish, English"
1386,FnkUnvrs - FUNK UNIVERSO (Slowed).mp3,FUNK UNIVERSO (Slowed),songs-file/FnkUnvrs%20-%20FUNK%20UNIVERSO%20%28Slowed%29.mp3,149.088,0,0,943,FnkUnvrs,FUNK UNIVERSO,2024,Irokz,BGM
1387,BHGMB - SIGNAL.mp3,SIGNAL,songs-file/BHGMB%20-%20SIGNAL.mp3,300.734694,0,0,53,BHGMB,Bhagam Bhag,2006,"Pritam Chakraborty, Remo Fernandes, Suzanne D'Mello, Sameer Anjaan",Hindi
1388,Enthrn - Kadhal Anukkal.mp3,Kadhal Anukkal,songs-file/Enthrn%20-%20Kadhal%20Anukkal.mp3,344.677007,0,0,944,Enthrn,Enthiran (The Robot),2010,"Shreya Ghoshal, Vijay Prakash Sharma",Tamil
1389,JSTS - Peaches.mp3,Peaches,songs-file/JSTS%20-%20Peaches.mp3,198.192,0,0,873,JSTS,Justice,2021,Justin Bieber,English
1390,KANK - Where's the Party Tonight.mp3,Where's the Party Tonight,songs-file/KANK%20-%20Where%27s%20the%20Party%20Tonight.mp3,378.160181,0,0,203,KANK,Kabhi Alvida Naa Kehna,2006,"Vasundhara Das, Loy Mendonsa, Shankar Mahadevan, Shaan",Hindi
1391,WR - Ghungroo.mp3,Ghungroo,songs-file/WR%20-%20Ghungroo.mp3,302.950748,0,0,945,WR,War,2019,Vishal-Shekhar,Hindi
1392,SMBA - Bandeya Re Bandeya.mp3,Bandeya Re Bandeya,songs-file/SMBA%20-%20Bandeya%20Re%20Bandeya.mp3,254.915918,0,0,946,SMBA,Simmba,2018,"Asees Kaur, Arijit Singh",Hindi
1393,UdtPnjb - Da Da Dasse.mp3,Da Da Dasse,songs-file/UdtPnjb%20-%20Da%20Da%20Dasse.mp3,213.12,0,0,947,UdtPnjb,Udta Punjab,2016,"Kanika Kapoor, Babu Haabi","Punjabi, Hindi"
1394,EnfBgnn - End of Beginning.mp3,End of Beginning,songs-file/EnfBgnn%20-%20End%20of%20Beginning.mp3,159.336,0,0,948,EnfBgnn,End of Beginning,2022,Joe Keery,English
1395,LUV - Jim Jim (Phonk).mp3,Jim Jim (Phonk),songs-file/LUV%20-%20Jim%20Jim%20%28Phonk%29.mp3,92.04,0,0,465,LUV,Love (ಲವ್),2004,Lakshmi Matthieu,Kannada
1396,strly - starly.mp3,starly,songs-file/strly%20-%20starly.mp3,135.96,0,0,949,strly,starly,2025,riserayss,BGM
1397,DHRNDR - Ishq Jalakar.mp3,Ishq Jalakar,songs-file/DHRNDR%20-%20Ishq%20Jalakar.mp3,250.896,0,0,950,DHRNDR,Dhurandhar,2025,"Shashwat Sachdev, Sahir Ludhianvi",Hindi
1398,AA - Tumse Hi Tumse.mp3,Tumse Hi Tumse,songs-file/AA%20-%20Tumse%20Hi%20Tumse.mp3,263.174966,0,0,30,AA,Anjaana Anjaani,2010,"Vishal-Shekhar, Caralisa Monteiro, Shekhar Ravjiani",Hindi
1399,K7 - Sari Sari Raat.mp3,Sari Sari Raat,songs-file/K7%20-%20Sari%20Sari%20Raat.mp3,330.327075,0,0,222,K7,Khiladi 786,2012,Himesh Reshammiya,Hindi
1400,TsMK - Happy Ending.mp3,Happy Ending,songs-file/TsMK%20-%20Happy%20Ending.mp3,283.654966,0,0,426,TsMK,Tees Maar Khan,2010,"Debojit Saha, Prajakta Shukre, Abhijeet Sawant, Vishal-Shekhar, Harshit Saxena",Hindi
1401,TsMK - Tees Maar Khan.mp3,Tees Maar Khan,songs-file/TsMK%20-%20Tees%20Maar%20Khan.mp3,257.044898,0,0,426,TsMK,Tees Maar Khan,2010,Sonu Nigam,Hindi
1402,TsMK - Sheila Ki Jawani.mp3,Sheila Ki Jawani,songs-file/TsMK%20-%20Sheila%20Ki%20Jawani.mp3,283.910385,0,0,426,TsMK,Tees Maar Khan,2010,"Vishal-Shekhar, Vishal Dadlani, Sunidhi Chauhan",Hindi
1403,TsMK - Badey Dil Wala.mp3,Badey Dil Wala,songs-file/TsMK%20-%20Badey%20Dil%20Wala.mp3,295.566803,0,0,426,TsMK,Tees Maar Khan,2010,"Vishal-Shekhar, Shreya Ghoshal, Sukhwinder Singh",Hindi
1404,DDD - Paisa Paisa.mp3,Paisa Paisa,songs-file/DDD%20-%20Paisa%20Paisa.mp3,234.544762,0,0,92,DDD,De Dana Dan,2009,Unknown,Hindi
1405,DDD - Hotty Naughty.mp3,Hotty Naughty,songs-file/DDD%20-%20Hotty%20Naughty.mp3,218.128254,0,0,92,DDD,De Dana Dan,2009,Unknown,Hindi
1406,BHGMB - Afreen.mp3,Afreen,songs-file/BHGMB%20-%20Afreen.mp3,366.589388,0,0,53,BHGMB,Bhagam Bhag,2006,"Pritam Chakraborty, Sunidhi Chauhan, KK, Sameer Anjaan",Hindi
1407,W - Kola Laka Vellari.mp3,Kola Laka Vellari,songs-file/W%20-%20Kola%20Laka%20Vellari.mp3,338.1522,0,0,394,W,Welcome,2007,Himesh Reshammiya,Hindi
1408,W - Insha Allah.mp3,Insha Allah,songs-file/W%20-%20Insha%20Allah.mp3,338.05932,0,0,394,W,Welcome,2007,"Akriti Kakar, Krishna Beuraa, Shaan, Himesh Reshammiya",Hindi
1409,W - Hoth Rasiley.mp3,Hoth Rasiley,songs-file/W%20-%20Hoth%20Rasiley.mp3,280.288073,0,0,394,W,Welcome,2007,"Shreya Ghoshal, Anand Raj Anand, Shankar Mahadevan",Hindi
1410,D1 - Dhoom machale.mp3,Dhoom machale,songs-file/D1%20-%20Dhoom%20machale.mp3,375.183673,0,0,951,D1,Dhoom,2004,Sunidhi Chauhan,Hindi
1411,D1 - Shikdum.mp3,Shikdum,songs-file/D1%20-%20Shikdum.mp3,327.640816,0,0,951,D1,Dhoom,2004,"Shreya Ghoshal, KK, Shaan",Hindi
1412,D1 - Salaame.mp3,Salaame,songs-file/D1%20-%20Salaame.mp3,317.818776,0,0,951,D1,Dhoom,2004,"Vasundhara Das, Kunal Ganjawala",Hindi
1413,RNBDJ - Haule Haule.mp3,Haule Haule,songs-file/RNBDJ%20-%20Haule%20Haule.mp3,263.987664,0,0,306,RNBDJ,Rab Ne Bana Di Jodi,2008,Sukhwinder Singh,Hindi
1414,RNBDJ - Dance Pe Chance.mp3,Dance Pe Chance,songs-file/RNBDJ%20-%20Dance%20Pe%20Chance.mp3,261.03873,0,0,306,RNBDJ,Rab Ne Bana Di Jodi,2008,"Sunidhi Chauhan, Labh Janjua",Hindi
1415,RNBDJ - Phir Milenge Chalte Chalte.mp3,Phir Milenge Chalte Chalte,songs-file/RNBDJ%20-%20Phir%20Milenge%20Chalte%20Chalte.mp3,394.18195,0,0,306,RNBDJ,Rab Ne Bana Di Jodi,2008,Sonu Nigam,Hindi
1416,OSO - Deewangi Deewangi.mp3,Deewangi Deewangi,songs-file/OSO%20-%20Deewangi%20Deewangi.mp3,357.146122,0,0,277,OSO,Om Shanti Om,2007,"Shaan, Udit Narayan, Sunidhi Chauhan, Vishal-Shekhar, Shreya Ghoshal",Hindi
1417,OSO - Dard-E-Disco.mp3,Dard-E-Disco,songs-file/OSO%20-%20Dard-E-Disco.mp3,274.111565,0,0,277,OSO,Om Shanti Om,2007,"Sukhwinder Singh, Caralisa Monteiro, Marianne D'Cruz",Hindi
1418,TWTIA - The Winner Takes It All.mp3,The Winner Takes It All,songs-file/TWTIA%20-%20The%20Winner%20Takes%20It%20All.mp3,297.168,0,0,952,TWTIA,The Winner Takes It All,1980,ABBA,English
1420,FRNDSJB - Friends.mp3,Friends,songs-file/FRNDSJB%20-%20Friends.mp3,189.504,0,0,954,FRNDSJB,Friends,2017,Justin Bieber,English
1421,CNJ - Nasty Jamz.mp3,Nasty Jamz,songs-file/CNJ%20-%20Nasty%20Jamz.mp3,163.944,0,0,955,CNJ,Coolzone (nasty jamz),2015,Coolzone,BGM
1422,LALALA - Lalala.mp3,Lalala,songs-file/LALALA%20-%20Lalala.mp3,160.704,0,0,956,LALALA,Lalala,2019,"bbno$, Y2K",English
1423,HnH - Kings & Queens.mp3,Kings & Queens,songs-file/HnH%20-%20Kings%20%26%20Queens.mp3,160.128,0,0,957,HnH,Heaven & Hell,2020,Ava Max,English
1424,LFOLE - Golden Brown.mp3,Golden Brown,songs-file/LFOLE%20-%20Golden%20Brown.mp3,206.784,0,0,958,LFOLE,La folie,1981,The Stranglers,English
1425,JUNK - Solitude.mp3,Solitude,songs-file/JUNK%20-%20Solitude.mp3,222.36,0,0,959,JUNK,Junk,2016,M83,BGM
1426,BNN - A Thousand Miles.mp3,A Thousand Miles,songs-file/BNN%20-%20A%20Thousand%20Miles.mp3,237.648,0,0,960,BNN,Be Not Nobody,2002,Vanessa Carlton,English
1427,ATtSILY - I Think They Call This Love.mp3,I Think They Call This Love,songs-file/ATtSILY%20-%20I%20Think%20They%20Call%20This%20Love.mp3,196.416,0,0,961,ATtSILY,All This to Say I Love You,2025,Elliot James Reay,English
1428,TWLaSS - Save Your Tears (Arabic).mp3,Save Your Tears (Arabic),songs-file/TWLaSS%20-%20Save%20Your%20Tears%20%28Arabic%29.mp3,229.584,0,0,872,TWLaSS,The Weeknd: Live at SoFi Stadium,2023,Unknown,Arabic
1429,TWLaSS - Blinding Lights (Arabic).mp3,Blinding Lights (Arabic),songs-file/TWLaSS%20-%20Blinding%20Lights%20%28Arabic%29.mp3,266.664,0,0,872,TWLaSS,The Weeknd: Live at SoFi Stadium,2023,Unknown,Arabic
1430,FRITLS - Bumble Bee.mp3,Bumble Bee,songs-file/FRITLS%20-%20Bumble%20Bee.mp3,196.944,0,0,962,FRITLS,Fairytales,1999,Bambee,English
1431,ACDO3 - ACIDO III.mp3,ACIDO III,songs-file/ACDO3%20-%20ACIDO%20III.mp3,83.112,0,0,963,ACDO3,ACIDO III,2025,UdieNnx,BGM
1432,Line - lliinnee.mp3,lliinnee,songs-file/Line%20-%20lliinnee.mp3,295.416,0,0,964,Line,lliinnee,2021,Izzamuzzic,BGM
1433,TUMM - Tum Mile (Love Reprise).mp3,Tum Mile (Love Reprise),songs-file/TUMM%20-%20Tum%20Mile%20%28Love%20Reprise%29.mp3,303.345488,0,0,382,TUMM,Tum Mile,2009,"Javed Ali, Pritam Chakraborty",Hindi
1434,IsqMrsid - Tera Mera Hai Pyar Amar (Deluxe Version).mp3,Tera Mera Hai Pyar Amar (Deluxe Version),songs-file/IsqMrsid%20-%20Tera%20Mera%20Hai%20Pyar%20Amar%20%28Deluxe%20Version%29.mp3,279.648,0,0,965,IsqMrsid,Ishq Murshid,2023,Ahmed Jahanzeb,"Hindi, Urdu"
1435,TES - Sing for the Moment.mp3,Sing for the Moment,songs-file/TES%20-%20Sing%20for%20the%20Moment.mp3,325.824,0,0,966,TES,The Eminem Show,2002,Eminem,English
1436,Dldrian - Dildarian.mp3,Dildarian,songs-file/Dldrian%20-%20Dildarian.mp3,243.96,0,0,967,Dldrian,Dildarian,2005,Amrinder Gill,Punjabi
1437,Vws - Hotline Bling.mp3,Hotline Bling,songs-file/Vws%20-%20Hotline%20Bling.mp3,269.064,0,0,968,Vws,Views,2016,Drake,"Spanish, English"
1438,SldngDors - Thank You.mp3,Thank You,songs-file/SldngDors%20-%20Thank%20You.mp3,217.92,0,0,969,SldngDors,Sliding Doors,1998,Dido,English
1439,MrLonly - Mr. Lonely.mp3,Mr. Lonely,songs-file/MrLonly%20-%20Mr.%20Lonely.mp3,163.2,0,0,970,MrLonly,Mr. Lonely,1964,Bobby Vinton,English
1440,Europop - A Decade in Blue (Da Ba Dee).mp3,A Decade in Blue (Da Ba Dee),songs-file/Europop%20-%20A%20Decade%20in%20Blue%20%28Da%20Ba%20Dee%29.mp3,285.84,0,0,971,Europop,Europop,1999,Eiffel 65,English
1441,10 - Go Down Deh.mp3,Go Down Deh,songs-file/10%20-%20Go%20Down%20Deh.mp3,157.248,0,0,972,10,10,2021,"Shaggy, Sean Paul, Spice","Spanish, English"
1442,Q - O Gujariya.mp3,O Gujariya,songs-file/Q%20-%20O%20Gujariya.mp3,261.768,0,0,295,Q,Queen,2013,"Nikhil D'Souza, Amit Trivedi, Anvita Dutt Guptan, Shefali Alvares",Hindi
1443,X - X.mp3,X,songs-file/X%20-%20X.mp3,191.904,0,0,973,X,X (EQUIS),2019,"Nicky Jam, J Balvin",Spanish
1444,T2ndL - Isolated System.mp3,Isolated System,songs-file/T2ndL%20-%20Isolated%20System.mp3,299.208,0,0,974,T2ndL,The 2nd Law,1994,Muse,BGM
1445,нрRmixs - не расслабляйся (THE DAWLESS Remix).mp3,не расслабляйся (THE DAWLESS Remix),songs-file/%D0%BD%D1%80Rmixs%20-%20%D0%BD%D0%B5%20%D1%80%D0%B0%D1%81%D1%81%D0%BB%D0%B0%D0%B1%D0%BB%D1%8F%D0%B9%D1%81%D1%8F%20%28THE%20DAWLESS%20Remix%29.mp3,164.328,0,0,975,нрRmixs,не расслабляйся (Remixes),2025,Skryptonite,Russian
1446,AMMG - Macarena (Slowed & Reverb).mp3,Macarena (Slowed & Reverb),songs-file/AMMG%20-%20Macarena%20%28Slowed%20%26%20Reverb%29.mp3,220.272,0,0,976,AMMG,A mí me gusta (A Mi Me Gusta),1993,Los Del Río,Spanish
1447,1WAY - Bad Boys Reply.mp3,Bad Boys Reply,songs-file/1WAY%20-%20Bad%20Boys%20Reply.mp3,231.312,0,0,977,1WAY,One Way,1987,Inner Circle,English
1449,WTD - Write This Down.mp3,Write This Down,songs-file/WTD%20-%20Write%20This%20Down.mp3,798.255601,0,0,978,WTD,Write This Down,2025,"Pop Smoke, Tupac Shakur",English
1450,LRRmixs - LUZ ROJA (Slowed).mp3,LUZ ROJA (Slowed),songs-file/LRRmixs%20-%20LUZ%20ROJA%20%28Slowed%29.mp3,123.01932,0,0,979,LRRmixs,LUZ ROJA (Remixes),2026,bxkq,BGM
1451,MntgmAlqma - MONTAGEM ALQUIMIA (Slowed).mp3,MONTAGEM ALQUIMIA (Slowed),songs-file/MntgmAlqma%20-%20MONTAGEM%20ALQUIMIA%20%28Slowed%29.mp3,113.486077,0,0,980,MntgmAlqma,MONTAGEM ALQUIMIA,2026,"Mc Menor Da Alvorada, h6itam, n7san7os",BGM
1452,U2M - Monëy so big.mp3,Monëy so big,songs-file/U2M%20-%20Mon%C3%ABy%20so%20big.mp3,160.08,0,0,981,U2M,Up 2 Më,2021,Yeat,English
1453,MNT - Montagem Nada Tropica (Slowed & Reverb).mp3,Montagem Nada Tropica (Slowed & Reverb),songs-file/MNT%20-%20Montagem%20Nada%20Tropica%20%28Slowed%20%26%20Reverb%29.mp3,148.776,0,0,982,MNT,Montagem Nada Tropica,2025,Eternxlkz,BGM
1454,THEND - Rock That Body.mp3,Rock That Body,songs-file/THEND%20-%20Rock%20That%20Body.mp3,272.232,0,0,674,THEND,The E.N.D,2009,The Black Eyed Peas,English
1455,DRUKQS - QKThr.mp3,QKThr,songs-file/DRUKQS%20-%20QKThr.mp3,87.504,0,0,983,DRUKQS,Drukqs,2001,Aphex Twin,Instrumental
1456,TheCupCk - The Cuppycake Song.mp3,The Cuppycake Song,songs-file/TheCupCk%20-%20The%20Cuppycake%20Song.mp3,42.933696,0,0,984,TheCupCk,The Cuppycake,1995,Amy Castle,English
1457,LailMjn - Tum Nazar Mein Raho.mp3,Tum Nazar Mein Raho,songs-file/LailMjn%20-%20Tum%20Nazar%20Mein%20Raho.mp3,299.537415,0,0,985,LailMjn,Laila Majnu,2018,Atif Aslam,Hindi
1458,VKTRS - Video Killed the Radio Star.mp3,Video Killed the Radio Star,songs-file/VKTRS%20-%20Video%20Killed%20the%20Radio%20Star.mp3,201.224127,0,0,986,VKTRS,Video Killed The Radio Star,1979,The Buggles,English
1459,CCK - Aaya Re.mp3,Aaya Re,songs-file/CCK%20-%20Aaya%20Re.mp3,248.917914,0,0,987,CCK,Chup Chup Ke,2006,"Himesh Reshammiya, Sunidhi Chauhan, Kunal Ganjawala, Sameer Anjaan",Hindi
1460,PnishHny - Red Sex.mp3,Red Sex,songs-file/PnishHny%20-%20Red%20Sex.mp3,337.455601,0,0,988,PnishHny,"Punish, Honey",2014,Vessel,BGM
1461,SOS - Paro.mp3,Paro,songs-file/SOS%20-%20Paro.mp3,204.734694,0,0,989,SOS,SOS [Chapitre 1],2021,Nej',French
1462,HOPE - Spirits.mp3,Spirits,songs-file/HOPE%20-%20Spirits.mp3,212.741224,0,0,990,HOPE,Hope,2016,The Strumbellas,English
1463,MirMir - In This Shirt.mp3,In This Shirt,songs-file/MirMir%20-%20In%20This%20Shirt.mp3,335.203265,0,0,991,MirMir,Mirror Mirror,2010,The Irrepressibles,"BGM, English"
1464,AVNGRD - AVANGARD (Slowed + Reverb).mp3,AVANGARD (Slowed + Reverb),songs-file/AVNGRD%20-%20AVANGARD%20%28Slowed%20%2B%20Reverb%29.mp3,197.741134,0,0,992,AVNGRD,AVANGARD,2024,LONOWN,BGM
1465,VKVK - VEKI VEKI (Slowed).mp3,VEKI VEKI (Slowed),songs-file/VKVK%20-%20VEKI%20VEKI%20%28Slowed%29.mp3,95.232,0,0,993,VKVK,VEKI VEKI,2025,DJZRX,BGM
1466,AlgAsmn - Alag Aasmaan.mp3,Alag Aasmaan,songs-file/AlgAsmn%20-%20Alag%20Aasmaan.mp3,225.432,0,0,994,AlgAsmn,Alag Aasmaan,2024,Anuv Jain,Hindi
1467,AfrcVtr - Magic in the Air.mp3,Magic in the Air,songs-file/AfrcVtr%20-%20Magic%20in%20the%20Air.mp3,233.352,0,0,995,AfrcVtr,Africainement vôtre,2014,"Magic System, Ahmed Chawki",English
1468,GhstStry - A Sky Full of Stars.mp3,A Sky Full of Stars,songs-file/GhstStry%20-%20A%20Sky%20Full%20of%20Stars.mp3,253.68,0,0,996,GhstStry,Ghost Stories,2014,Coldplay,English
1469,SFTTR - Set Fire to the Rain.mp3,Set Fire to the Rain,songs-file/SFTTR%20-%20Set%20Fire%20to%20the%20Rain.mp3,243.020045,0,0,997,SFTTR,Set Fire to the Rain,2011,Adele,English
1470,RITD - Rolling in the Deep.mp3,Rolling in the Deep,songs-file/RITD%20-%20Rolling%20in%20the%20Deep.mp3,233.941043,0,0,998,RITD,Rolling in the Deep,2010,Adele,English
1471,RjtdBoy - Skins (Ultra Slowed + Reverb).mp3,Skins (Ultra Slowed + Reverb),songs-file/RjtdBoy%20-%20Skins%20%28Ultra%20Slowed%20%2B%20Reverb%29.mp3,307.10712,0,0,999,RjtdBoy,Rejected Boy,2024,"Surreal_dvd, KREZUS",BGM
1472,Tm - After Dark.mp3,After Dark,songs-file/Tm%20-%20After%20Dark.mp3,257.230658,0,0,1000,Tm,Time,2014,Mr.Kitty,BGM
